#
# A fatal error has been detected by the Java Runtime Environment:
#
#  SIGSEGV (0xb) at pc=0x000000010182492c, pid=2678, tid=26883
#
# JRE version: OpenJDK Runtime Environment Microsoft-11369864 (17.0.15+6) (build 17.0.15+6-LTS)
# Java VM: OpenJDK 64-Bit Server VM Microsoft-11369864 (17.0.15+6-LTS, mixed mode, sharing, tiered, compressed oops, compressed class ptrs, g1 gc, bsd-aarch64)
# Problematic frame:
# V  [libjvm.dylib+0x29892c]  Compile::start() const+0xc
#
# No core dump will be written. Core dumps have been disabled. To enable core dumping, try "ulimit -c unlimited" before starting Java again
#
# If you would like to submit a bug report, please visit:
#   https://github.com/microsoft/openjdk/issues
#

---------------  S U M M A R Y ------------

Command Line: --add-opens=java.base/java.lang=ALL-UNNAMED --add-opens=java.base/java.lang.invoke=ALL-UNNAMED --add-opens=java.base/java.util=ALL-UNNAMED --add-opens=java.prefs/java.util.prefs=ALL-UNNAMED --add-exports=jdk.compiler/com.sun.tools.javac.api=ALL-UNNAMED --add-exports=jdk.compiler/com.sun.tools.javac.util=ALL-UNNAMED --add-opens=java.base/java.util=ALL-UNNAMED --add-opens=java.prefs/java.util.prefs=ALL-UNNAMED --add-opens=java.base/java.nio.charset=ALL-UNNAMED --add-opens=java.base/java.net=ALL-UNNAMED --add-opens=java.base/java.util.concurrent.atomic=ALL-UNNAMED --add-opens=java.xml/javax.xml.namespace=ALL-UNNAMED -Xmx2048m -Dfile.encoding=UTF-8 -Duser.country=CA -Duser.language=en -Duser.variant -javaagent:/Users/athulbabu/Library/Android/sdk/wrapper/dists/gradle-8.13-bin/5xuhj0ry160q40clulazy9h7d/gradle-8.13/lib/agents/gradle-instrumentation-agent-8.13.jar org.gradle.launcher.daemon.bootstrap.GradleDaemon 8.13

Host: "Mac16,10" arm64, 10 cores, 16G, Darwin 25.0.0, macOS 26.0 (25A5346a)
Time: Fri Aug 22 01:32:07 2025 CDT elapsed time: 15461.281190 seconds (0d 4h 17m 41s)

---------------  T H R E A D  ---------------

Current thread (0x000000014a8fa000):  JavaThread "C2 CompilerThread0" daemon [_thread_in_native, id=26883, stack(0x0000000171420000,0x0000000171623000)]


Current CompileTask:
C2:15461281 93682       4       org.jetbrains.org.objectweb.asm.ClassReader::readElementValue (1237 bytes)

Stack: [0x0000000171420000,0x0000000171623000],  sp=0x000000017161f740,  free space=2045k
Native frames: (J=compiled Java code, j=interpreted, Vv=VM code, C=native code)
V  [libjvm.dylib+0x29892c]  Compile::start() const+0xc
V  [libjvm.dylib+0x6f808c]  PhaseMacroExpand::value_from_mem(Node*, Node*, BasicType, Type const*, TypeOopPtr const*, AllocateNode*)+0x64
V  [libjvm.dylib+0x6f990c]  PhaseMacroExpand::create_scalarized_object_description(AllocateNode*, SafePointNode*)+0x450
V  [libjvm.dylib+0x3545c4]  ConnectionGraph::reduce_phi_on_safepoints(PhiNode*, Unique_Node_List*)+0x434
V  [libjvm.dylib+0x353008]  ConnectionGraph::reduce_phi(PhiNode*)+0x17c
V  [libjvm.dylib+0x34f89c]  ConnectionGraph::compute_escape()+0xd10
V  [libjvm.dylib+0x34eae4]  ConnectionGraph::do_analysis(Compile*, PhaseIterGVN*)+0xd0
V  [libjvm.dylib+0x299554]  Compile::Optimize()+0x9c0
V  [libjvm.dylib+0x297d50]  Compile::Compile(ciEnv*, ciMethod*, int, bool, bool, bool, bool, bool, bool, bool, DirectiveSet*)+0xb30
V  [libjvm.dylib+0x29a71c]  Compile::Compile(ciEnv*, ciMethod*, int, bool, bool, bool, bool, bool, bool, bool, DirectiveSet*)+0x30
V  [libjvm.dylib+0x205194]  C2Compiler::compile_method(ciEnv*, ciMethod*, int, bool, DirectiveSet*)+0x12c
V  [libjvm.dylib+0x2a9850]  CompileBroker::invoke_compiler_on_method(CompileTask*)+0x548
V  [libjvm.dylib+0x2a915c]  CompileBroker::compiler_thread_loop()+0x3f0
V  [libjvm.dylib+0x9bdf14]  JavaThread::thread_main_inner()+0x15c
V  [libjvm.dylib+0x9bc574]  Thread::call_run()+0xcc
V  [libjvm.dylib+0x7d9064]  thread_native_entry(Thread*)+0x158
C  [libsystem_pthread.dylib+0x6bc8]  _pthread_start+0x88


siginfo: si_signo: 11 (SIGSEGV), si_code: 2 (SEGV_ACCERR), si_addr: 0x0000000000000020

Registers:
 x0=0x0000000171622078  x1=0x000000014ad85f48  x2=0x0000000000000000  x3=0x0000000000000000
 x4=0x000000013a832108  x5=0x000000014ad85f48  x6=0x000000012fd6df30  x7=0x0000000000000c93
 x8=0x0000000000000000  x9=0x000000012f9fc610 x10=0x000000014ad882b8 x11=0x000000014ad882b8
x12=0x0000000000000001 x13=0x0000000000000000 x14=0x000000013fa04948 x15=0x000000012ffcbcd8
x16=0x0000000000000040 x17=0x000060000206c380 x18=0x0000000000000000 x19=0x000000017161f8f0
x20=0x000000012fd6df30 x21=0x000000014ad85f48 x22=0x000000012fd6df30 x23=0x000000000000000a
x24=0x000000000000000c x25=0x00000001394db950 x26=0x000000000000003d x27=0x000000013a832108
x28=0x000000000000000c  fp=0x000000017161f740  lr=0x0000000101c8408c  sp=0x000000017161f740
pc=0x000000010182492c cpsr=0x0000000060000000

Register to memory mapping:

 x0=0x0000000171622078 is pointing into the stack for thread: 0x000000014a8fa000
 x1=0x000000014ad85f48 points into unknown readable memory: 0x00000001021bf4c0 | c0 f4 1b 02 01 00 00 00
 x2=0x0 is NULL
 x3=0x0 is NULL
 x4=0x000000013a832108 points into unknown readable memory: 0x00000001021bf1e8 | e8 f1 1b 02 01 00 00 00
 x5=0x000000014ad85f48 points into unknown readable memory: 0x00000001021bf4c0 | c0 f4 1b 02 01 00 00 00
 x6=0x000000012fd6df30 points into unknown readable memory: 0x0000000102182df0 | f0 2d 18 02 01 00 00 00
 x7=0x0000000000000c93 is an unknown value
 x8=0x0 is NULL
 x9=0x000000012f9fc610 points into unknown readable memory: 0x000000012b2bde10 | 10 de 2b 2b 01 00 00 00
x10=0x000000014ad882b8 points into unknown readable memory: 0x0000000500000000 | 00 00 00 00 05 00 00 00
x11=0x000000014ad882b8 points into unknown readable memory: 0x0000000500000000 | 00 00 00 00 05 00 00 00
x12=0x0000000000000001 is an unknown value
x13=0x0 is NULL
x14=0x000000013fa04948 points into unknown readable memory: 0x00000001021b2ea8 | a8 2e 1b 02 01 00 00 00
x15=0x000000012ffcbcd8 points into unknown readable memory: 0x00000001021b4fd8 | d8 4f 1b 02 01 00 00 00
x16=0x0000000000000040 is an unknown value
x17=0x000060000206c380 points into unknown readable memory: 0xfffffffffffffffe | fe ff ff ff ff ff ff ff
x18=0x0 is NULL
x19=0x000000017161f8f0 is pointing into the stack for thread: 0x000000014a8fa000
x20=0x000000012fd6df30 points into unknown readable memory: 0x0000000102182df0 | f0 2d 18 02 01 00 00 00
x21=0x000000014ad85f48 points into unknown readable memory: 0x00000001021bf4c0 | c0 f4 1b 02 01 00 00 00
x22=0x000000012fd6df30 points into unknown readable memory: 0x0000000102182df0 | f0 2d 18 02 01 00 00 00
x23=0x000000000000000a is an unknown value
x24=0x000000000000000c is an unknown value
x25=0x00000001394db950 points into unknown readable memory: 0x00000001021b2ea8 | a8 2e 1b 02 01 00 00 00
x26=0x000000000000003d is an unknown value
x27=0x000000013a832108 points into unknown readable memory: 0x00000001021bf1e8 | e8 f1 1b 02 01 00 00 00
x28=0x000000000000000c is an unknown value


Top of Stack: (sp=0x000000017161f740)
0x000000017161f740:   000000017161f810 0000000101c8408c
0x000000017161f750:   00000001394dbb58 000000014ad85f48
0x000000017161f760:   000000013a832108 000000014ad88268
0x000000017161f770:   000000017161f780 0000000101f5ef18
0x000000017161f780:   000000017161f7e0 00000001018c4c08
0x000000017161f790:   000000000000000c 000000013a832108
0x000000017161f7a0:   000000014ad85c28 000000000000000a
0x000000017161f7b0:   000000014b565400 000000017161f8f0
0x000000017161f7c0:   000000000000000c 000000013a832108
0x000000017161f7d0:   000000014ad85c28 000000000000000a
0x000000017161f7e0:   000000014b565400 000000017161f8f0
0x000000017161f7f0:   000000012fd6df30 0000000000000000
0x000000017161f800:   0000000000000000 00000001394dbbc0
0x000000017161f810:   000000017161f8b0 0000000101c8590c
0x000000017161f820:   0000000102194528 0000000139102588
0x000000017161f830:   00000001394dbbc0 000000018a28b2f8
0x000000017161f840:   000000014ad85c28 000000014b565400
0x000000017161f850:   0000000000000004 0000000000000000
0x000000017161f860:   000000013900a890 00000001394dbbc0
0x000000017161f870:   0000000139102518 000000012fd6df30
0x000000017161f880:   0000000000000000 0000000000000001
0x000000017161f890:   0000000000000006 0000000171622078
0x000000017161f8a0:   000000014b56e950 0000000139572028
0x000000017161f8b0:   000000017161f9b0 00000001018e05c4
0x000000017161f8c0:   0000000139102398 000000012e9da388
0x000000017161f8d0:   000000017161f9c8 000000018a28b2f8
0x000000017161f8e0:   0000000139102258 0000000000000000
0x000000017161f8f0:   000000000000000f 0000000171622078
0x000000017161f900:   0000000171620930 0000000101f5c9fc
0x000000017161f910:   0000000000000001 0000000139525400
0x000000017161f920:   0000000000000004 0000000000000020
0x000000017161f930:   0000600000562520 00000001395253e0 

Instructions: (pc=0x000000010182492c)
0x000000010182482c:   b4 0a 00 f9 75 16 04 f9 fd 7b 42 a9 f4 4f 41 a9
0x000000010182483c:   f6 57 c3 a8 c0 03 5f d6 f4 4f be a9 fd 7b 01 a9
0x000000010182484c:   fd 43 00 91 f3 03 01 aa c8 4e 00 f0 08 8d 0c 91
0x000000010182485c:   03 01 40 39 04 00 80 52 0a e2 1c 94 1f 4c 04 a9
0x000000010182486c:   1f 40 01 39 1f 1c 00 f9 fd 7b 41 a9 f4 4f c2 a8
0x000000010182487c:   c0 03 5f d6 fd 7b bf a9 fd 03 00 91 fd 7b c1 a8
0x000000010182488c:   c0 03 5f d6 ff c3 00 d1 f4 4f 01 a9 fd 7b 02 a9
0x000000010182489c:   fd 83 00 91 f4 03 01 aa f3 03 00 aa 00 b8 40 f9
0x00000001018248ac:   02 00 80 52 b6 4f fe 97 60 c2 40 f9 a0 00 00 b4
0x00000001018248bc:   f4 03 00 f9 21 42 00 d0 21 68 26 91 11 43 1f 94
0x00000001018248cc:   68 c6 40 f9 48 00 00 b5 74 c6 00 f9 74 06 40 f9
0x00000001018248dc:   30 b1 fd 97 81 c6 40 f9 3f 00 00 eb 20 01 00 54
0x00000001018248ec:   80 00 00 b4 61 00 00 b4 3c 28 20 94 a0 00 00 34
0x00000001018248fc:   60 06 40 f9 21 05 80 52 23 00 80 52 0b 2e 00 94
0x000000010182490c:   7f 6a 01 f9 fd 7b 42 a9 f4 4f 41 a9 ff c3 00 91
0x000000010182491c:   c0 03 5f d6 fd 7b bf a9 fd 03 00 91 08 68 41 f9
0x000000010182492c:   09 21 40 b9 49 01 00 34 08 09 40 f9 09 0d 09 8b
0x000000010182493c:   00 85 40 f8 0a 2c 40 b9 4a 0d 00 12 5f 25 00 71
0x000000010182494c:   80 01 00 54 1f 01 09 eb 43 ff ff 54 21 42 00 d0
0x000000010182495c:   21 8c 1b 91 23 42 00 d0 63 18 1c 91 00 00 bc 52
0x000000010182496c:   02 8a 80 52 04 d8 00 94 90 00 15 94 00 00 80 d2
0x000000010182497c:   fd 7b c1 a8 c0 03 5f d6 ff c3 03 d1 fc 6f 09 a9
0x000000010182498c:   fa 67 0a a9 f8 5f 0b a9 f6 57 0c a9 f4 4f 0d a9
0x000000010182499c:   fd 7b 0e a9 fd 83 03 91 f4 03 01 aa f3 03 00 aa
0x00000001018249ac:   55 4e 00 f0 b5 e2 36 91 b9 02 40 f9 e0 03 15 aa
0x00000001018249bc:   20 03 3f d6 08 00 40 f9 16 1d 41 f9 d7 6a 41 a9
0x00000001018249cc:   db 62 42 a9 61 ca 43 f9 62 ce 43 f9 e0 03 00 91
0x00000001018249dc:   43 00 80 52 de e8 15 94 e8 02 40 f9 c8 00 00 b4
0x00000001018249ec:   e0 03 16 aa e1 03 18 aa 08 68 fa 97 e0 03 17 aa
0x00000001018249fc:   b1 67 fa 97 c8 0e 40 f9 1f 01 1a eb 60 00 00 54
0x0000000101824a0c:   d7 6a 01 a9 db 12 00 f9 e0 03 15 aa 20 03 3f d6
0x0000000101824a1c:   08 00 40 f9 15 1d 41 f9 b6 62 41 a9 b9 5e 42 a9 


Stack slot to memory mapping:
stack at sp + 0 slots: 0x000000017161f810 is pointing into the stack for thread: 0x000000014a8fa000
stack at sp + 1 slots: 0x0000000101c8408c: _ZN16PhaseMacroExpand14value_from_memEP4NodeS1_9BasicTypePK4TypePK10TypeOopPtrP12AllocateNode+0x64 in /Users/athulbabu/Library/Java/JavaVirtualMachines/ms-17.0.15/Contents/Home/lib/server/libjvm.dylib at 0x000000010158c000
stack at sp + 2 slots: 0x00000001394dbb58 points into unknown readable memory: 0x0000000102187d60 | 60 7d 18 02 01 00 00 00
stack at sp + 3 slots: 0x000000014ad85f48 points into unknown readable memory: 0x00000001021bf4c0 | c0 f4 1b 02 01 00 00 00
stack at sp + 4 slots: 0x000000013a832108 points into unknown readable memory: 0x00000001021bf1e8 | e8 f1 1b 02 01 00 00 00
stack at sp + 5 slots: 0x000000014ad88268 points into unknown readable memory: 0x00000001021bf4c0 | c0 f4 1b 02 01 00 00 00
stack at sp + 6 slots: 0x000000017161f780 is pointing into the stack for thread: 0x000000014a8fa000
stack at sp + 7 slots: 0x0000000101f5ef18: _ZN4Type3cmpEPKS_S1_+0x24 in /Users/athulbabu/Library/Java/JavaVirtualMachines/ms-17.0.15/Contents/Home/lib/server/libjvm.dylib at 0x000000010158c000


---------------  P R O C E S S  ---------------

Threads class SMR info:
_java_thread_list=0x0000600000f04f80, length=231, elements={
0x000000014a80dc00, 0x000000014b028600, 0x000000014b02ae00, 0x000000014c00ca00,
0x000000013a80cc00, 0x000000014a8f9a00, 0x000000014a8fa000, 0x000000014a8fa600,
0x000000014a902c00, 0x000000013a80a400, 0x000000014b02ba00, 0x000000013ab69000,
0x000000014c288000, 0x000000013afff800, 0x000000014b533000, 0x000000014b530200,
0x000000014c2a3c00, 0x000000014b5e7400, 0x000000014c50d600, 0x000000014b672c00,
0x0000000128549800, 0x0000000129987000, 0x000000014c793800, 0x0000000128449a00,
0x000000014c753a00, 0x000000013a921400, 0x000000014abf8a00, 0x0000000127013800,
0x000000014aceea00, 0x000000012b117000, 0x000000014acf2000, 0x000000012c104400,
0x000000013adad200, 0x000000012c10a400, 0x000000012c299400, 0x000000012c3c7400,
0x000000012c3c7a00, 0x000000014c48ec00, 0x000000014a90bc00, 0x000000014c623600,
0x000000014c61fe00, 0x000000013aa0e200, 0x00000001286fae00, 0x000000011f8d5800,
0x0000000128227800, 0x00000001290a8600, 0x000000012e076200, 0x000000012ca39200,
0x000000014add2a00, 0x000000012868c200, 0x000000012b9f1e00, 0x00000001273a4c00,
0x000000012c48a000, 0x000000012d31ac00, 0x000000012d0bae00, 0x0000000127373c00,
0x000000013adc7a00, 0x00000001290c0400, 0x0000000129777400, 0x000000012908ee00,
0x0000000128231e00, 0x000000013aebac00, 0x0000000126ffb400, 0x000000012d01f800,
0x0000000126a1fe00, 0x000000012bffc000, 0x0000000126ba4800, 0x0000000126ba4e00,
0x00000001281f2e00, 0x0000000126892800, 0x000000011fcdac00, 0x000000012b114600,
0x000000012b7fee00, 0x000000012b2ad800, 0x000000012d4c3200, 0x000000012cdb0800,
0x000000012cd7a600, 0x000000012d31c600, 0x000000014afb5800, 0x000000012d7ff400,
0x000000014aebd200, 0x000000014ae37800, 0x000000014ade9e00, 0x000000012d7ffa00,
0x000000012d4a8a00, 0x000000012d4a9000, 0x000000012d75d800, 0x000000012d75de00,
0x000000012d467800, 0x000000012d467e00, 0x000000012d468400, 0x000000012d6a4c00,
0x000000012d6a5200, 0x000000012d6a5800, 0x000000012cc29c00, 0x000000014ad5e200,
0x000000014a917400, 0x000000014aa8ac00, 0x000000014aec3200, 0x000000014ade4c00,
0x000000014af6b800, 0x000000012d743800, 0x0000000129c5ba00, 0x000000012b100e00,
0x000000012cdf8a00, 0x000000012c8c6a00, 0x000000012c8b5c00, 0x000000014b7dc600,
0x000000014b7d2400, 0x000000014b7c7e00, 0x000000014b6c2800, 0x000000012d745200,
0x000000012cdcb400, 0x000000011ff8ce00, 0x00000001297be200, 0x000000014b5e5400,
0x000000014aec7800, 0x000000014b52de00, 0x000000014b0a5800, 0x000000012b738e00,
0x000000014b0a8c00, 0x000000012b0d8c00, 0x000000012b4d0800, 0x000000012b231600,
0x000000012b10d800, 0x000000012b7cfa00, 0x000000012afffa00, 0x000000012accae00,
0x000000014c6d0000, 0x000000012b27e400, 0x0000000129795600, 0x000000012cedbc00,
0x000000013adc9c00, 0x000000012cedb600, 0x000000012b141c00, 0x000000012cb7c200,
0x000000012b2dee00, 0x000000012b139800, 0x000000011ff85c00, 0x000000012b139e00,
0x000000011ff7c200, 0x00000001295e8400, 0x000000012b13a400, 0x0000000129c33200,
0x000000012cb6cc00, 0x000000014af97800, 0x000000014abf4400, 0x000000014af97e00,
0x000000012b744400, 0x000000012d465e00, 0x000000012d465800, 0x0000000129738a00,
0x000000012d3c5400, 0x000000012b543600, 0x000000012b4c5a00, 0x000000012c8cf600,
0x000000012ca3e000, 0x000000014c6bd200, 0x000000012c8cfc00, 0x000000012ccd9800,
0x000000011ff91000, 0x000000012ac1f600, 0x00000001299b4e00, 0x000000012cd5da00,
0x000000012ccd9e00, 0x000000012b4c3200, 0x000000012913a600, 0x00000001293f5e00,
0x00000001290a7e00, 0x000000012977f200, 0x000000012b766e00, 0x0000000129053400,
0x000000012b767a00, 0x000000014c545800, 0x000000011fbb7a00, 0x0000000129c64400,
0x000000012a989a00, 0x000000012a9b4e00, 0x000000012d741c00, 0x000000011f9c4e00,
0x000000012cd58000, 0x000000012b5f2a00, 0x000000012b5f4600, 0x000000012b5f3800,
0x000000012cb4ca00, 0x000000012d40f600, 0x000000012d09c000, 0x000000012b774400,
0x000000014afb5e00, 0x000000012d788200, 0x000000012d789800, 0x000000012d405400,
0x000000012d789000, 0x000000012d740800, 0x0000000128549e00, 0x000000012b5cdc00,
0x0000000128547400, 0x0000000128548200, 0x000000012d741600, 0x000000012b75c600,
0x000000012b138e00, 0x000000012b138600, 0x000000012b540400, 0x000000012b540a00,
0x000000012b541000, 0x000000012b541600, 0x000000012b758600, 0x000000014ade6600,
0x000000011f8b4c00, 0x000000012e8a0400, 0x000000012e8bde00, 0x000000012e8bd000,
0x000000012b695400, 0x000000014c75f800, 0x000000012c86b600, 0x000000012c86bc00,
0x000000014c01a400, 0x000000012b66b200, 0x000000011fa93200, 0x000000014b663200,
0x000000012ccc0800, 0x000000012e8bd600, 0x000000012e8bc800, 0x000000014b754600,
0x000000014b754c00, 0x000000012e8be400, 0x000000013fad9200, 0x000000013fada600,
0x000000012874d000, 0x000000012f92ae00, 0x000000012d749200
}

Java Threads: ( => current thread )
  0x000000014a80dc00 JavaThread "main" [_thread_blocked, id=6915, stack(0x000000016fa78000,0x000000016fc7b000)]
  0x000000014b028600 JavaThread "Reference Handler" daemon [_thread_blocked, id=23555, stack(0x00000001708cc000,0x0000000170acf000)]
  0x000000014b02ae00 JavaThread "Finalizer" daemon [_thread_blocked, id=31491, stack(0x0000000170ad8000,0x0000000170cdb000)]
  0x000000014c00ca00 JavaThread "Signal Dispatcher" daemon [_thread_blocked, id=30211, stack(0x0000000170dfc000,0x0000000170fff000)]
  0x000000013a80cc00 JavaThread "Service Thread" daemon [_thread_blocked, id=26115, stack(0x0000000171008000,0x000000017120b000)]
  0x000000014a8f9a00 JavaThread "Monitor Deflation Thread" daemon [_thread_blocked, id=26627, stack(0x0000000171214000,0x0000000171417000)]
=>0x000000014a8fa000 JavaThread "C2 CompilerThread0" daemon [_thread_in_native, id=26883, stack(0x0000000171420000,0x0000000171623000)]
  0x000000014a8fa600 JavaThread "C1 CompilerThread0" daemon [_thread_blocked, id=29443, stack(0x000000017162c000,0x000000017182f000)]
  0x000000014a902c00 JavaThread "Sweeper thread" daemon [_thread_blocked, id=27395, stack(0x0000000171838000,0x0000000171a3b000)]
  0x000000013a80a400 JavaThread "Common-Cleaner" daemon [_thread_blocked, id=27651, stack(0x0000000171a44000,0x0000000171c47000)]
  0x000000014b02ba00 JavaThread "Notification Thread" daemon [_thread_blocked, id=27907, stack(0x0000000171c50000,0x0000000171e53000)]
  0x000000013ab69000 JavaThread "Daemon health stats" [_thread_blocked, id=33795, stack(0x0000000172aa4000,0x0000000172ca7000)]
  0x000000014c288000 JavaThread "Incoming local TCP Connector on port 49950" [_thread_in_native, id=41731, stack(0x0000000172cb0000,0x0000000172eb3000)]
  0x000000013afff800 JavaThread "Daemon periodic checks" [_thread_blocked, id=41475, stack(0x0000000172ebc000,0x00000001730bf000)]
  0x000000014b533000 JavaThread "Cache worker for journal cache (/Users/athulbabu/Library/Android/sdk/caches/journal-1)" [_thread_blocked, id=37635, stack(0x000000017474c000,0x000000017494f000)]
  0x000000014b530200 JavaThread "File lock request listener" [_thread_in_native, id=37891, stack(0x0000000174958000,0x0000000174b5b000)]
  0x000000014c2a3c00 JavaThread "Cache worker for file hash cache (/Users/athulbabu/Library/Android/sdk/caches/8.13/fileHashes)" [_thread_blocked, id=65283, stack(0x0000000174b64000,0x0000000174d67000)]
  0x000000014b5e7400 JavaThread "File watcher server" daemon [_thread_in_native, id=45059, stack(0x0000000175394000,0x0000000175597000)]
  0x000000014c50d600 JavaThread "File watcher consumer" daemon [_thread_blocked, id=64259, stack(0x00000001755a0000,0x00000001757a3000)]
  0x000000014b672c00 JavaThread "Cache worker for file content cache (/Users/athulbabu/Library/Android/sdk/caches/8.13/fileContent)" [_thread_blocked, id=63491, stack(0x00000001759b8000,0x0000000175bbb000)]
  0x0000000128549800 JavaThread "Memory manager" [_thread_blocked, id=55043, stack(0x0000000321aa0000,0x0000000321ca3000)]
  0x0000000129987000 JavaThread "pool-3-thread-1" [_thread_blocked, id=24591, stack(0x00000003220c4000,0x00000003222c7000)]
  0x000000014c793800 JavaThread "RMI Scheduler(0)" daemon [_thread_blocked, id=102419, stack(0x000000032e338000,0x000000032e53b000)]
  0x0000000128449a00 JavaThread "RMI TCP Accept-0" daemon [_thread_in_native, id=103683, stack(0x000000032e95c000,0x000000032eb5f000)]
  0x000000014c753a00 JavaThread "pool-7-thread-1" [_thread_blocked, id=121099, stack(0x0000000320e58000,0x000000032105b000)]
  0x000000013a921400 JavaThread "pool-10-thread-1" [_thread_blocked, id=60963, stack(0x0000000321064000,0x0000000321267000)]
  0x000000014abf8a00 JavaThread "pool-14-thread-1" [_thread_blocked, id=124711, stack(0x0000000320c4c000,0x0000000320e4f000)]
  0x0000000127013800 JavaThread "Cache worker for Java compile cache (/Users/athulbabu/Library/Android/sdk/caches/8.13/javaCompile)" [_thread_blocked, id=57395, stack(0x0000000328f4c000,0x000000032914f000)]
  0x000000014aceea00 JavaThread "pool-18-thread-1" [_thread_blocked, id=77875, stack(0x0000000321688000,0x000000032188b000)]
  0x000000012b117000 JavaThread "pool-21-thread-1" [_thread_blocked, id=121619, stack(0x000000032147c000,0x000000032167f000)]
  0x000000014acf2000 JavaThread "pool-26-thread-1" [_thread_blocked, id=70499, stack(0x0000000321eb8000,0x00000003220bb000)]
  0x000000012c104400 JavaThread "pool-31-thread-1" [_thread_blocked, id=46899, stack(0x00000003226e8000,0x00000003228eb000)]
  0x000000013adad200 JavaThread "jar transforms" [_thread_blocked, id=97055, stack(0x0000000175fdc000,0x00000001761df000)]
  0x000000012c10a400 JavaThread "jar transforms Thread 2" [_thread_blocked, id=65611, stack(0x00000001761e8000,0x00000001763eb000)]
  0x000000012c299400 JavaThread "jar transforms Thread 3" [_thread_blocked, id=90147, stack(0x00000001763f4000,0x00000001765f7000)]
  0x000000012c3c7400 JavaThread "jar transforms Thread 4" [_thread_blocked, id=55319, stack(0x0000000176600000,0x0000000176803000)]
  0x000000012c3c7a00 JavaThread "jar transforms Thread 5" [_thread_blocked, id=49235, stack(0x000000017680c000,0x0000000176a0f000)]
  0x000000014c48ec00 JavaThread "jar transforms Thread 6" [_thread_blocked, id=72835, stack(0x0000000176a18000,0x0000000176c1b000)]
  0x000000014a90bc00 JavaThread "jar transforms Thread 7" [_thread_blocked, id=128099, stack(0x0000000176c24000,0x0000000176e27000)]
  0x000000014c623600 JavaThread "jar transforms Thread 8" [_thread_blocked, id=40983, stack(0x0000000176e30000,0x0000000177033000)]
  0x000000014c61fe00 JavaThread "jar transforms Thread 9" [_thread_blocked, id=95859, stack(0x000000017703c000,0x000000017723f000)]
  0x000000013aa0e200 JavaThread "jar transforms Thread 10" [_thread_blocked, id=116507, stack(0x0000000177248000,0x000000017744b000)]
  0x00000001286fae00 JavaThread "pool-36-thread-1" [_thread_blocked, id=72279, stack(0x0000000304fd8000,0x00000003051db000)]
  0x000000011f8d5800 JavaThread "pool-39-thread-1" [_thread_blocked, id=71719, stack(0x00000003024dc000,0x00000003026df000)]
  0x0000000128227800 JavaThread "pool-44-thread-1" [_thread_blocked, id=76611, stack(0x0000000302b00000,0x0000000302d03000)]
  0x00000001290a8600 JavaThread "pool-47-thread-1" [_thread_blocked, id=92971, stack(0x00000003028f4000,0x0000000302af7000)]
  0x000000012e076200 JavaThread "pool-50-thread-1" [_thread_blocked, id=91527, stack(0x0000000303124000,0x0000000303327000)]
  0x000000012ca39200 JavaThread "pool-53-thread-1" [_thread_blocked, id=74867, stack(0x00000003022d0000,0x00000003024d3000)]
  0x000000014add2a00 JavaThread "pool-58-thread-1" [_thread_blocked, id=78763, stack(0x0000000306244000,0x0000000306447000)]
  0x000000012868c200 JavaThread "pool-61-thread-1" [_thread_blocked, id=108299, stack(0x00000003020c4000,0x00000003022c7000)]
  0x000000012b9f1e00 JavaThread "pool-65-thread-1" [_thread_blocked, id=96435, stack(0x0000000302f18000,0x000000030311b000)]
  0x00000001273a4c00 JavaThread "pool-70-thread-1" [_thread_blocked, id=62903, stack(0x0000000303330000,0x0000000303533000)]
  0x000000012c48a000 JavaThread "pool-73-thread-1" [_thread_blocked, id=81907, stack(0x00000003026e8000,0x00000003028eb000)]
  0x000000012d31ac00 JavaThread "pool-76-thread-1" [_thread_blocked, id=97351, stack(0x0000000303954000,0x0000000303b57000)]
  0x000000012d0bae00 JavaThread "pool-79-thread-1" [_thread_blocked, id=131891, stack(0x0000000303748000,0x000000030394b000)]
  0x0000000127373c00 JavaThread "pool-83-thread-1" [_thread_blocked, id=115687, stack(0x0000000303b60000,0x0000000303d63000)]
  0x000000013adc7a00 JavaThread "pool-86-thread-1" [_thread_blocked, id=100607, stack(0x000000030353c000,0x000000030373f000)]
  0x00000001290c0400 JavaThread "pool-90-thread-1" [_thread_blocked, id=117411, stack(0x0000000303d6c000,0x0000000303f6f000)]
  0x0000000129777400 JavaThread "pool-94-thread-1" [_thread_blocked, id=97807, stack(0x0000000302d0c000,0x0000000302f0f000)]
  0x000000012908ee00 JavaThread "pool-97-thread-1" [_thread_blocked, id=88179, stack(0x0000000303f78000,0x000000030417b000)]
  0x0000000128231e00 JavaThread "pool-101-thread-1" [_thread_blocked, id=71371, stack(0x0000000304184000,0x0000000304387000)]
  0x000000013aebac00 JavaThread "pool-104-thread-1" [_thread_blocked, id=53867, stack(0x00000003047a8000,0x00000003049ab000)]
  0x0000000126ffb400 JavaThread "pool-107-thread-1" [_thread_blocked, id=110699, stack(0x00000003049b4000,0x0000000304bb7000)]
  0x000000012d01f800 JavaThread "pool-111-thread-1" [_thread_blocked, id=57223, stack(0x000000030459c000,0x000000030479f000)]
  0x0000000126a1fe00 JavaThread "pool-114-thread-1" [_thread_blocked, id=69859, stack(0x0000000304bc0000,0x0000000304dc3000)]
  0x000000012bffc000 JavaThread "pool-118-thread-1" [_thread_blocked, id=107379, stack(0x0000000304dcc000,0x0000000304fcf000)]
  0x0000000126ba4800 JavaThread "pool-121-thread-1" [_thread_blocked, id=48723, stack(0x00000003051e4000,0x00000003053e7000)]
  0x0000000126ba4e00 JavaThread "pool-124-thread-1" [_thread_blocked, id=125155, stack(0x00000003053f0000,0x00000003055f3000)]
  0x00000001281f2e00 JavaThread "pool-127-thread-1" [_thread_blocked, id=129563, stack(0x0000000304390000,0x0000000304593000)]
  0x0000000126892800 JavaThread "pool-130-thread-1" [_thread_blocked, id=131159, stack(0x0000000305808000,0x0000000305a0b000)]
  0x000000011fcdac00 JavaThread "pool-133-thread-1" [_thread_blocked, id=108859, stack(0x0000000318a40000,0x0000000318c43000)]
  0x000000012b114600 JavaThread "Daemon Thread 21" [_thread_blocked, id=102163, stack(0x0000000173154000,0x0000000173357000)]
  0x000000012b7fee00 JavaThread "Handler for socket connection from /127.0.0.1:49950 to /127.0.0.1:58972" [_thread_in_native, id=24411, stack(0x0000000173360000,0x0000000173563000)]
  0x000000012b2ad800 JavaThread "Cancel handler" [_thread_blocked, id=92735, stack(0x000000017356c000,0x000000017376f000)]
  0x000000012d4c3200 JavaThread "Daemon worker Thread 20" [_thread_blocked, id=93319, stack(0x0000000173778000,0x000000017397b000)]
  0x000000012cdb0800 JavaThread "Asynchronous log dispatcher for DefaultDaemonConnection: socket connection from /127.0.0.1:49950 to /127.0.0.1:58972" [_thread_blocked, id=138315, stack(0x0000000173984000,0x0000000173b87000)]
  0x000000012cd7a600 JavaThread "Stdin handler" [_thread_blocked, id=67955, stack(0x0000000173b90000,0x0000000173d93000)]
  0x000000012d31c600 JavaThread "Daemon client event forwarder" [_thread_blocked, id=89627, stack(0x0000000174d70000,0x0000000174f73000)]
  0x000000014afb5800 JavaThread "Cache worker for file hash cache (/Users/athulbabu/StudioProjects/POSResturant/.gradle/8.13/fileHashes)" [_thread_blocked, id=106563, stack(0x0000000174f7c000,0x000000017517f000)]
  0x000000012d7ff400 JavaThread "Cache worker for Build Output Cleanup Cache (/Users/athulbabu/StudioProjects/POSResturant/.gradle/buildOutputCleanup)" [_thread_blocked, id=75215, stack(0x00000001757ac000,0x00000001759af000)]
  0x000000014aebd200 JavaThread "Cache worker for checksums cache (/Users/athulbabu/StudioProjects/POSResturant/.gradle/8.13/checksums)" [_thread_blocked, id=51555, stack(0x0000000175bc4000,0x0000000175dc7000)]
  0x000000014ae37800 JavaThread "Cache worker for cache directory md-supplier (/Users/athulbabu/Library/Android/sdk/caches/8.13/md-supplier)" [_thread_blocked, id=116239, stack(0x0000000175dd0000,0x0000000175fd3000)]
  0x000000014ade9e00 JavaThread "Cache worker for cache directory md-rule (/Users/athulbabu/Library/Android/sdk/caches/8.13/md-rule)" [_thread_blocked, id=99987, stack(0x0000000177454000,0x0000000177657000)]
  0x000000012d7ffa00 JavaThread "Unconstrained build operations" [_thread_blocked, id=93839, stack(0x0000000177660000,0x0000000177863000)]
  0x000000012d4a8a00 JavaThread "Unconstrained build operations Thread 2" [_thread_blocked, id=127827, stack(0x000000017786c000,0x0000000177a6f000)]
  0x000000012d4a9000 JavaThread "Unconstrained build operations Thread 3" [_thread_blocked, id=40503, stack(0x0000000177a78000,0x0000000177c7b000)]
  0x000000012d75d800 JavaThread "Unconstrained build operations Thread 4" [_thread_blocked, id=126339, stack(0x0000000177c84000,0x0000000177e87000)]
  0x000000012d75de00 JavaThread "Unconstrained build operations Thread 5" [_thread_blocked, id=62203, stack(0x0000000300004000,0x0000000300207000)]
  0x000000012d467800 JavaThread "Unconstrained build operations Thread 6" [_thread_blocked, id=130291, stack(0x0000000300210000,0x0000000300413000)]
  0x000000012d467e00 JavaThread "Unconstrained build operations Thread 7" [_thread_blocked, id=104739, stack(0x000000030041c000,0x000000030061f000)]
  0x000000012d468400 JavaThread "Unconstrained build operations Thread 8" [_thread_blocked, id=130411, stack(0x0000000300628000,0x000000030082b000)]
  0x000000012d6a4c00 JavaThread "Unconstrained build operations Thread 9" [_thread_blocked, id=170347, stack(0x0000000300834000,0x0000000300a37000)]
  0x000000012d6a5200 JavaThread "Unconstrained build operations Thread 10" [_thread_blocked, id=173827, stack(0x0000000300a40000,0x0000000300c43000)]
  0x000000012d6a5800 JavaThread "Unconstrained build operations Thread 11" [_thread_blocked, id=94083, stack(0x0000000300c4c000,0x0000000300e4f000)]
  0x000000012cc29c00 JavaThread "Unconstrained build operations Thread 12" [_thread_blocked, id=121983, stack(0x0000000300e58000,0x000000030105b000)]
  0x000000014ad5e200 JavaThread "Unconstrained build operations Thread 13" [_thread_blocked, id=75619, stack(0x0000000301064000,0x0000000301267000)]
  0x000000014a917400 JavaThread "Unconstrained build operations Thread 14" [_thread_blocked, id=104339, stack(0x0000000301270000,0x0000000301473000)]
  0x000000014aa8ac00 JavaThread "Unconstrained build operations Thread 15" [_thread_blocked, id=134723, stack(0x000000030147c000,0x000000030167f000)]
  0x000000014aec3200 JavaThread "Unconstrained build operations Thread 16" [_thread_blocked, id=94875, stack(0x0000000301688000,0x000000030188b000)]
  0x000000014ade4c00 JavaThread "Unconstrained build operations Thread 17" [_thread_blocked, id=133119, stack(0x0000000301894000,0x0000000301a97000)]
  0x000000014af6b800 JavaThread "Unconstrained build operations Thread 18" [_thread_blocked, id=84867, stack(0x0000000301aa0000,0x0000000301ca3000)]
  0x000000012d743800 JavaThread "build event listener" [_thread_blocked, id=109403, stack(0x0000000301cac000,0x0000000301eaf000)]
  0x0000000129c5ba00 JavaThread "build event listener" [_thread_blocked, id=109955, stack(0x0000000301eb8000,0x00000003020bb000)]
  0x000000012b100e00 JavaThread "Problems report writer" [_thread_blocked, id=119579, stack(0x00000003055fc000,0x00000003057ff000)]
  0x000000012cdf8a00 JavaThread "pool-137-thread-1" [_thread_blocked, id=72691, stack(0x0000000305a14000,0x0000000305c17000)]
  0x000000012c8c6a00 JavaThread "build event listener" [_thread_blocked, id=72035, stack(0x0000000305c20000,0x0000000305e23000)]
  0x000000012c8b5c00 JavaThread "included builds" [_thread_blocked, id=107635, stack(0x0000000305e2c000,0x000000030602f000)]
  0x000000014b7dc600 JavaThread "Execution worker" [_thread_blocked, id=63027, stack(0x0000000306038000,0x000000030623b000)]
  0x000000014b7d2400 JavaThread "Execution worker Thread 2" [_thread_blocked, id=119939, stack(0x0000000306450000,0x0000000306653000)]
  0x000000014b7c7e00 JavaThread "Execution worker Thread 3" [_thread_blocked, id=50371, stack(0x000000030665c000,0x000000030685f000)]
  0x000000014b6c2800 JavaThread "Execution worker Thread 4" [_thread_blocked, id=56371, stack(0x0000000306868000,0x0000000306a6b000)]
  0x000000012d745200 JavaThread "Execution worker Thread 5" [_thread_blocked, id=39275, stack(0x0000000306a74000,0x0000000306c77000)]
  0x000000012cdcb400 JavaThread "Cache worker for execution history cache (/Users/athulbabu/StudioProjects/POSResturant/.gradle/8.13/executionHistory)" [_thread_blocked, id=45995, stack(0x0000000306c80000,0x0000000306e83000)]
  0x000000011ff8ce00 JavaThread "Execution worker Thread 6" [_thread_blocked, id=118547, stack(0x0000000306e8c000,0x000000030708f000)]
  0x00000001297be200 JavaThread "Execution worker Thread 7" [_thread_blocked, id=120547, stack(0x0000000307098000,0x000000030729b000)]
  0x000000014b5e5400 JavaThread "Execution worker Thread 8" [_thread_blocked, id=129011, stack(0x00000003072a4000,0x00000003074a7000)]
  0x000000014aec7800 JavaThread "Execution worker Thread 9" [_thread_blocked, id=137027, stack(0x00000003074b0000,0x00000003076b3000)]
  0x000000014b52de00 JavaThread "Unconstrained build operations Thread 19" [_thread_blocked, id=51219, stack(0x00000003076bc000,0x00000003078bf000)]
  0x000000014b0a5800 JavaThread "Unconstrained build operations Thread 20" [_thread_blocked, id=52379, stack(0x00000003078c8000,0x0000000307acb000)]
  0x000000012b738e00 JavaThread "Unconstrained build operations Thread 21" [_thread_blocked, id=111951, stack(0x0000000307ad4000,0x0000000307cd7000)]
  0x000000014b0a8c00 JavaThread "Unconstrained build operations Thread 22" [_thread_blocked, id=171139, stack(0x0000000307ce0000,0x0000000307ee3000)]
  0x000000012b0d8c00 JavaThread "Unconstrained build operations Thread 23" [_thread_blocked, id=82163, stack(0x0000000318004000,0x0000000318207000)]
  0x000000012b4d0800 JavaThread "Unconstrained build operations Thread 24" [_thread_blocked, id=118819, stack(0x0000000318210000,0x0000000318413000)]
  0x000000012b231600 JavaThread "Unconstrained build operations Thread 25" [_thread_blocked, id=61263, stack(0x000000031841c000,0x000000031861f000)]
  0x000000012b10d800 JavaThread "Unconstrained build operations Thread 26" [_thread_blocked, id=60559, stack(0x0000000318628000,0x000000031882b000)]
  0x000000012b7cfa00 JavaThread "Unconstrained build operations Thread 27" [_thread_blocked, id=59419, stack(0x0000000318834000,0x0000000318a37000)]
  0x000000012afffa00 JavaThread "Unconstrained build operations Thread 28" [_thread_blocked, id=171583, stack(0x0000000318c4c000,0x0000000318e4f000)]
  0x000000012accae00 JavaThread "Unconstrained build operations Thread 29" [_thread_blocked, id=57003, stack(0x000000031d004000,0x000000031d207000)]
  0x000000014c6d0000 JavaThread "Unconstrained build operations Thread 30" [_thread_blocked, id=40787, stack(0x000000031d210000,0x000000031d413000)]
  0x000000012b27e400 JavaThread "Unconstrained build operations Thread 31" [_thread_blocked, id=86859, stack(0x000000031d41c000,0x000000031d61f000)]
  0x0000000129795600 JavaThread "Unconstrained build operations Thread 32" [_thread_blocked, id=129907, stack(0x000000031d628000,0x000000031d82b000)]
  0x000000012cedbc00 JavaThread "Unconstrained build operations Thread 33" [_thread_blocked, id=79167, stack(0x000000031d834000,0x000000031da37000)]
  0x000000013adc9c00 JavaThread "Unconstrained build operations Thread 34" [_thread_blocked, id=62623, stack(0x000000031da40000,0x000000031dc43000)]
  0x000000012cedb600 JavaThread "Unconstrained build operations Thread 35" [_thread_blocked, id=98195, stack(0x000000031dc4c000,0x000000031de4f000)]
  0x000000012b141c00 JavaThread "WorkerExecutor Queue" [_thread_in_native, id=133411, stack(0x000000031de58000,0x000000031e05b000)]
  0x000000012cb7c200 JavaThread "Unconstrained build operations Thread 36" [_thread_blocked, id=47847, stack(0x000000031e064000,0x000000031e267000)]
  0x000000012b2dee00 JavaThread "Unconstrained build operations Thread 37" [_thread_blocked, id=126963, stack(0x000000031e270000,0x000000031e473000)]
  0x000000012b139800 JavaThread "Unconstrained build operations Thread 38" [_thread_blocked, id=94259, stack(0x000000031e47c000,0x000000031e67f000)]
  0x000000011ff85c00 JavaThread "Unconstrained build operations Thread 39" [_thread_blocked, id=106855, stack(0x000000031e688000,0x000000031e88b000)]
  0x000000012b139e00 JavaThread "Unconstrained build operations Thread 40" [_thread_blocked, id=123475, stack(0x000000031e894000,0x000000031ea97000)]
  0x000000011ff7c200 JavaThread "Unconstrained build operations Thread 41" [_thread_blocked, id=168931, stack(0x000000031eaa0000,0x000000031eca3000)]
  0x00000001295e8400 JavaThread "Unconstrained build operations Thread 42" [_thread_blocked, id=112699, stack(0x000000031ecac000,0x000000031eeaf000)]
  0x000000012b13a400 JavaThread "Unconstrained build operations Thread 43" [_thread_blocked, id=136619, stack(0x000000031eeb8000,0x000000031f0bb000)]
  0x0000000129c33200 JavaThread "Unconstrained build operations Thread 44" [_thread_blocked, id=135043, stack(0x000000031f0c4000,0x000000031f2c7000)]
  0x000000012cb6cc00 JavaThread "WorkerExecutor Queue Thread 2" [_thread_blocked, id=59731, stack(0x000000031f2d0000,0x000000031f4d3000)]
  0x000000014af97800 JavaThread "WorkerExecutor Queue Thread 3" [_thread_blocked, id=129043, stack(0x000000031f4dc000,0x000000031f6df000)]
  0x000000014abf4400 JavaThread "WorkerExecutor Queue Thread 4" [_thread_blocked, id=57603, stack(0x000000031f6e8000,0x000000031f8eb000)]
  0x000000014af97e00 JavaThread "WorkerExecutor Queue Thread 5" [_thread_blocked, id=109211, stack(0x000000031f8f4000,0x000000031faf7000)]
  0x000000012b744400 JavaThread "WorkerExecutor Queue Thread 6" [_thread_blocked, id=119267, stack(0x000000031fb00000,0x000000031fd03000)]
  0x000000012d465e00 JavaThread "WorkerExecutor Queue Thread 9" [_thread_blocked, id=99327, stack(0x0000000320124000,0x0000000320327000)]
  0x000000012d465800 JavaThread "WorkerExecutor Queue Thread 10" [_thread_blocked, id=173571, stack(0x0000000320330000,0x0000000320533000)]
  0x0000000129738a00 JavaThread "Unconstrained build operations Thread 45" [_thread_blocked, id=77571, stack(0x000000032053c000,0x000000032073f000)]
  0x000000012d3c5400 JavaThread "Unconstrained build operations Thread 46" [_thread_blocked, id=118067, stack(0x0000000320748000,0x000000032094b000)]
  0x000000012b543600 JavaThread "Unconstrained build operations Thread 47" [_thread_blocked, id=130823, stack(0x0000000320954000,0x0000000320b57000)]
  0x000000012b4c5a00 JavaThread "Unconstrained build operations Thread 48" [_thread_blocked, id=113779, stack(0x0000000321270000,0x0000000321473000)]
  0x000000012c8cf600 JavaThread "Unconstrained build operations Thread 49" [_thread_blocked, id=102107, stack(0x0000000321894000,0x0000000321a97000)]
  0x000000012ca3e000 JavaThread "Unconstrained build operations Thread 50" [_thread_blocked, id=83291, stack(0x0000000321cac000,0x0000000321eaf000)]
  0x000000014c6bd200 JavaThread "Unconstrained build operations Thread 51" [_thread_blocked, id=88515, stack(0x00000003222d0000,0x00000003224d3000)]
  0x000000012c8cfc00 JavaThread "Unconstrained build operations Thread 52" [_thread_blocked, id=71095, stack(0x00000003224dc000,0x00000003226df000)]
  0x000000012ccd9800 JavaThread "Unconstrained build operations Thread 53" [_thread_blocked, id=50439, stack(0x00000003228f4000,0x0000000322af7000)]
  0x000000011ff91000 JavaThread "Unconstrained build operations Thread 54" [_thread_blocked, id=39059, stack(0x0000000322b00000,0x0000000322d03000)]
  0x000000012ac1f600 JavaThread "Unconstrained build operations Thread 55" [_thread_blocked, id=79823, stack(0x0000000322d0c000,0x0000000322f0f000)]
  0x00000001299b4e00 JavaThread "Unconstrained build operations Thread 56" [_thread_blocked, id=85995, stack(0x0000000322f18000,0x000000032311b000)]
  0x000000012cd5da00 JavaThread "Unconstrained build operations Thread 57" [_thread_blocked, id=70231, stack(0x0000000323124000,0x0000000323327000)]
  0x000000012ccd9e00 JavaThread "Unconstrained build operations Thread 58" [_thread_blocked, id=172675, stack(0x0000000323330000,0x0000000323533000)]
  0x000000012b4c3200 JavaThread "Unconstrained build operations Thread 59" [_thread_blocked, id=91911, stack(0x000000032353c000,0x000000032373f000)]
  0x000000012913a600 JavaThread "Unconstrained build operations Thread 60" [_thread_blocked, id=130707, stack(0x0000000323748000,0x000000032394b000)]
  0x00000001293f5e00 JavaThread "Unconstrained build operations Thread 61" [_thread_blocked, id=101827, stack(0x0000000323954000,0x0000000323b57000)]
  0x00000001290a7e00 JavaThread "Unconstrained build operations Thread 62" [_thread_blocked, id=81567, stack(0x0000000323b60000,0x0000000323d63000)]
  0x000000012977f200 JavaThread "Unconstrained build operations Thread 63" [_thread_blocked, id=74039, stack(0x0000000323d6c000,0x0000000323f6f000)]
  0x000000012b766e00 JavaThread "Unconstrained build operations Thread 64" [_thread_blocked, id=135507, stack(0x0000000323f78000,0x000000032417b000)]
  0x0000000129053400 JavaThread "Unconstrained build operations Thread 65" [_thread_blocked, id=169911, stack(0x0000000324184000,0x0000000324387000)]
  0x000000012b767a00 JavaThread "Unconstrained build operations Thread 66" [_thread_blocked, id=82539, stack(0x0000000324390000,0x0000000324593000)]
  0x000000014c545800 JavaThread "Unconstrained build operations Thread 67" [_thread_blocked, id=51859, stack(0x000000032459c000,0x000000032479f000)]
  0x000000011fbb7a00 JavaThread "Unconstrained build operations Thread 68" [_thread_blocked, id=71475, stack(0x00000003247a8000,0x00000003249ab000)]
  0x0000000129c64400 JavaThread "Unconstrained build operations Thread 69" [_thread_blocked, id=89875, stack(0x00000003249b4000,0x0000000324bb7000)]
  0x000000012a989a00 JavaThread "Unconstrained build operations Thread 70" [_thread_blocked, id=112935, stack(0x0000000324bc0000,0x0000000324dc3000)]
  0x000000012a9b4e00 JavaThread "Unconstrained build operations Thread 71" [_thread_blocked, id=52031, stack(0x0000000324dcc000,0x0000000324fcf000)]
  0x000000012d741c00 JavaThread "Unconstrained build operations Thread 72" [_thread_blocked, id=92307, stack(0x0000000324fd8000,0x00000003251db000)]
  0x000000011f9c4e00 JavaThread "Unconstrained build operations Thread 73" [_thread_blocked, id=90551, stack(0x00000003251e4000,0x00000003253e7000)]
  0x000000012cd58000 JavaThread "Unconstrained build operations Thread 74" [_thread_blocked, id=80947, stack(0x00000003253f0000,0x00000003255f3000)]
  0x000000012b5f2a00 JavaThread "Unconstrained build operations Thread 75" [_thread_blocked, id=107891, stack(0x00000003255fc000,0x00000003257ff000)]
  0x000000012b5f4600 JavaThread "Unconstrained build operations Thread 76" [_thread_blocked, id=172835, stack(0x0000000325808000,0x0000000325a0b000)]
  0x000000012b5f3800 JavaThread "Unconstrained build operations Thread 77" [_thread_blocked, id=60879, stack(0x0000000325a14000,0x0000000325c17000)]
  0x000000012cb4ca00 JavaThread "Unconstrained build operations Thread 78" [_thread_blocked, id=103239, stack(0x0000000325c20000,0x0000000325e23000)]
  0x000000012d40f600 JavaThread "Unconstrained build operations Thread 79" [_thread_blocked, id=49971, stack(0x0000000325e2c000,0x000000032602f000)]
  0x000000012d09c000 JavaThread "Unconstrained build operations Thread 80" [_thread_blocked, id=110259, stack(0x0000000326038000,0x000000032623b000)]
  0x000000012b774400 JavaThread "Unconstrained build operations Thread 81" [_thread_blocked, id=133891, stack(0x0000000326244000,0x0000000326447000)]
  0x000000014afb5e00 JavaThread "Unconstrained build operations Thread 82" [_thread_blocked, id=53011, stack(0x000000032665c000,0x000000032685f000)]
  0x000000012d788200 JavaThread "Unconstrained build operations Thread 83" [_thread_blocked, id=115067, stack(0x0000000326868000,0x0000000326a6b000)]
  0x000000012d789800 JavaThread "Unconstrained build operations Thread 84" [_thread_blocked, id=173399, stack(0x0000000326a74000,0x0000000326c77000)]
  0x000000012d405400 JavaThread "Unconstrained build operations Thread 85" [_thread_blocked, id=78143, stack(0x0000000326c80000,0x0000000326e83000)]
  0x000000012d789000 JavaThread "Unconstrained build operations Thread 86" [_thread_blocked, id=101307, stack(0x0000000326e8c000,0x000000032708f000)]
  0x000000012d740800 JavaThread "Unconstrained build operations Thread 87" [_thread_blocked, id=169443, stack(0x0000000327098000,0x000000032729b000)]
  0x0000000128549e00 JavaThread "Unconstrained build operations Thread 88" [_thread_blocked, id=65919, stack(0x00000003272a4000,0x00000003274a7000)]
  0x000000012b5cdc00 JavaThread "Unconstrained build operations Thread 89" [_thread_blocked, id=73555, stack(0x00000003274b0000,0x00000003276b3000)]
  0x0000000128547400 JavaThread "Unconstrained build operations Thread 90" [_thread_blocked, id=132375, stack(0x00000003276bc000,0x00000003278bf000)]
  0x0000000128548200 JavaThread "Unconstrained build operations Thread 91" [_thread_blocked, id=134291, stack(0x00000003278c8000,0x0000000327acb000)]
  0x000000012d741600 JavaThread "Unconstrained build operations Thread 92" [_thread_blocked, id=100155, stack(0x0000000327ad4000,0x0000000327cd7000)]
  0x000000012b75c600 JavaThread "Unconstrained build operations Thread 93" [_thread_blocked, id=80567, stack(0x0000000327ce0000,0x0000000327ee3000)]
  0x000000012b138e00 JavaThread "Unconstrained build operations Thread 94" [_thread_blocked, id=105539, stack(0x0000000327eec000,0x00000003280ef000)]
  0x000000012b138600 JavaThread "Unconstrained build operations Thread 95" [_thread_blocked, id=96159, stack(0x00000003280f8000,0x00000003282fb000)]
  0x000000012b540400 JavaThread "Unconstrained build operations Thread 96" [_thread_blocked, id=45703, stack(0x0000000328304000,0x0000000328507000)]
  0x000000012b540a00 JavaThread "Unconstrained build operations Thread 97" [_thread_blocked, id=80259, stack(0x0000000328510000,0x0000000328713000)]
  0x000000012b541000 JavaThread "Unconstrained build operations Thread 98" [_thread_blocked, id=94659, stack(0x000000032871c000,0x000000032891f000)]
  0x000000012b541600 JavaThread "Unconstrained build operations Thread 99" [_thread_blocked, id=61507, stack(0x0000000328928000,0x0000000328b2b000)]
  0x000000012b758600 JavaThread "Unconstrained build operations Thread 100" [_thread_blocked, id=117699, stack(0x0000000328b34000,0x0000000328d37000)]
  0x000000014ade6600 JavaThread "WorkerExecutor Queue Thread 11" [_thread_blocked, id=115787, stack(0x0000000328d40000,0x0000000328f43000)]
  0x000000011f8b4c00 JavaThread "WorkerExecutor Queue Thread 12" [_thread_blocked, id=111687, stack(0x000000031ff18000,0x000000032011b000)]
  0x000000012e8a0400 JavaThread "pool-138-thread-1" [_thread_blocked, id=104563, stack(0x0000000329158000,0x000000032935b000)]
  0x000000012e8bde00 JavaThread "process reaper (pid 7231)" daemon [_thread_in_native, id=139523, stack(0x0000000170ce4000,0x0000000170d1b000)]
  0x000000012e8bd000 JavaThread "process reaper (pid 7230)" daemon [_thread_in_native, id=167171, stack(0x0000000170d24000,0x0000000170d5b000)]
  0x000000012b695400 JavaThread "ForkJoinPool-4-worker-1" daemon [_thread_blocked, id=166659, stack(0x0000000329364000,0x0000000329567000)]
  0x000000014c75f800 JavaThread "stderr" [_thread_in_native, id=166403, stack(0x0000000329570000,0x0000000329773000)]
  0x000000012c86b600 JavaThread "stdout" [_thread_in_native, id=165891, stack(0x000000032977c000,0x000000032997f000)]
  0x000000012c86bc00 JavaThread "ForkJoinPool-4-worker-2" daemon [_thread_blocked, id=165379, stack(0x0000000329988000,0x0000000329b8b000)]
  0x000000014c01a400 JavaThread "stderr" [_thread_in_native, id=164867, stack(0x0000000329b94000,0x0000000329d97000)]
  0x000000012b66b200 JavaThread "stdout" [_thread_in_native, id=140035, stack(0x0000000329da0000,0x0000000329fa3000)]
  0x000000011fa93200 JavaThread "ForkJoinPool-4-worker-3" daemon [_thread_blocked, id=164099, stack(0x0000000329fac000,0x000000032a1af000)]
  0x000000014b663200 JavaThread "ForkJoinPool-4-worker-4" daemon [_thread_blocked, id=140291, stack(0x000000032a1b8000,0x000000032a3bb000)]
  0x000000012ccc0800 JavaThread "ForkJoinPool-4-worker-5" daemon [_thread_blocked, id=163331, stack(0x000000032a3c4000,0x000000032a5c7000)]
  0x000000012e8bd600 JavaThread "ForkJoinPool-4-worker-6" daemon [_thread_blocked, id=162819, stack(0x000000032a5d0000,0x000000032a7d3000)]
  0x000000012e8bc800 JavaThread "ForkJoinPool-4-worker-7" daemon [_thread_blocked, id=162563, stack(0x000000032a7dc000,0x000000032a9df000)]
  0x000000014b754600 JavaThread "ForkJoinPool-4-worker-8" daemon [_thread_blocked, id=141059, stack(0x000000032a9e8000,0x000000032abeb000)]
  0x000000014b754c00 JavaThread "ForkJoinPool-4-worker-9" daemon [_thread_blocked, id=141315, stack(0x000000032abf4000,0x000000032adf7000)]
  0x000000012e8be400 JavaThread "ForkJoinPool-4-worker-10" daemon [_thread_blocked, id=162051, stack(0x000000032ae00000,0x000000032b003000)]
  0x000000013fad9200 JavaThread "process reaper (pid 7245)" daemon [_thread_in_native, id=98707, stack(0x0000000170d64000,0x0000000170d9b000)]
  0x000000013fada600 JavaThread "RMI GC Daemon" daemon [_thread_blocked, id=142083, stack(0x000000032b00c000,0x000000032b20f000)]
  0x000000012874d000 JavaThread "RMI TCP Accept-0" daemon [_thread_in_native, id=142595, stack(0x000000032b218000,0x000000032b41b000)]
  0x000000012f92ae00 JavaThread "RMI Reaper" [_thread_blocked, id=143107, stack(0x000000032b424000,0x000000032b627000)]
  0x000000012d749200 JavaThread "RMI TCP Connection(156)-127.0.0.1" daemon [_thread_in_native, id=161027, stack(0x000000032b630000,0x000000032b833000)]

Other Threads:
  0x000000014a7073c0 VMThread "VM Thread" [stack: 0x00000001706c0000,0x00000001708c3000] [id=19971]
  0x000000014b80d970 WatcherThread [stack: 0x0000000171e5c000,0x000000017205f000] [id=28419]
  0x000000014a609d50 GCTaskThread "GC Thread#0" [stack: 0x000000016fc84000,0x000000016fe87000] [id=14083]
  0x000000013a619870 GCTaskThread "GC Thread#1" [stack: 0x0000000172068000,0x000000017226b000] [id=32771]
  0x000000013a619cf0 GCTaskThread "GC Thread#2" [stack: 0x0000000172274000,0x0000000172477000] [id=33027]
  0x000000013a61a560 GCTaskThread "GC Thread#3" [stack: 0x0000000172480000,0x0000000172683000] [id=42755]
  0x000000013a61add0 GCTaskThread "GC Thread#4" [stack: 0x000000017268c000,0x000000017288f000] [id=42243]
  0x000000013a61b640 GCTaskThread "GC Thread#5" [stack: 0x0000000172898000,0x0000000172a9b000] [id=41987]
  0x000000014a723390 GCTaskThread "GC Thread#6" [stack: 0x0000000173f1c000,0x000000017411f000] [id=35843]
  0x000000014a723810 GCTaskThread "GC Thread#7" [stack: 0x0000000174128000,0x000000017432b000] [id=38659]
  0x000000014a723c90 GCTaskThread "GC Thread#8" [stack: 0x0000000174334000,0x0000000174537000] [id=36611]
  0x000000014a60a400 ConcurrentGCThread "G1 Main Marker" [stack: 0x000000016fe90000,0x0000000170093000] [id=13827]
  0x000000014a60ac90 ConcurrentGCThread "G1 Conc#0" [stack: 0x000000017009c000,0x000000017029f000] [id=13315]
  0x000000014a724110 ConcurrentGCThread "G1 Conc#1" [stack: 0x0000000175188000,0x000000017538b000] [id=44547]
  0x000000014a60cdc0 ConcurrentGCThread "G1 Refine#0" [stack: 0x00000001702a8000,0x00000001704ab000] [id=16643]
  0x000000012a6046e0 ConcurrentGCThread "G1 Refine#1" [stack: 0x0000000174540000,0x0000000174743000] [id=37123]
  0x0000000126176d40 ConcurrentGCThread "G1 Refine#2" [stack: 0x0000000326450000,0x0000000326653000] [id=59911]
  0x0000000126260da0 ConcurrentGCThread "G1 Refine#3" [stack: 0x000000032ba48000,0x000000032bc4b000] [id=45331]
  0x000000013a7207a0 ConcurrentGCThread "G1 Refine#4" [stack: 0x000000032bc54000,0x000000032be57000] [id=65035]
  0x000000011f7ae810 ConcurrentGCThread "G1 Refine#5" [stack: 0x000000032be60000,0x000000032c063000] [id=85263]
  0x000000011f7aeee0 ConcurrentGCThread "G1 Refine#6" [stack: 0x000000032c06c000,0x000000032c26f000] [id=86291]
  0x0000000126372750 ConcurrentGCThread "G1 Refine#7" [stack: 0x000000032c278000,0x000000032c47b000] [id=66311]
  0x000000011f50cf20 ConcurrentGCThread "G1 Refine#8" [stack: 0x000000032c484000,0x000000032c687000] [id=87051]
  0x000000014a60d660 ConcurrentGCThread "G1 Service" [stack: 0x00000001704b4000,0x00000001706b7000] [id=21507]

Threads with active compile tasks:
C2 CompilerThread0  15461289 93682       4       org.jetbrains.org.objectweb.asm.ClassReader::readElementValue (1237 bytes)

VM state: not at safepoint (normal execution)

VM Mutex/Monitor currently owned by a thread: None

Heap address: 0x0000000780000000, size: 2048 MB, Compressed Oops mode: Zero based, Oop shift amount: 3

CDS archive(s) mapped at: [0x0000007000000000-0x0000007000bc0000-0x0000007000bc0000), size 12320768, SharedBaseAddress: 0x0000007000000000, ArchiveRelocationMode: 1.
Compressed class space mapped at: 0x0000007001000000-0x0000007041000000, reserved size: 1073741824
Narrow klass base: 0x0000007000000000, Narrow klass shift: 0, Narrow klass range: 0x100000000

GC Precious Log:
 CPUs: 10 total, 10 available
 Memory: 16384M
 Large Page Support: Disabled
 NUMA Support: Disabled
 Compressed Oops: Enabled (Zero based)
 Heap Region Size: 1M
 Heap Min Capacity: 8M
 Heap Initial Capacity: 256M
 Heap Max Capacity: 2G
 Pre-touch: Disabled
 Parallel Workers: 9
 Concurrent Workers: 2
 Concurrent Refinement Workers: 9
 Periodic GC: Disabled

Heap:
 garbage-first heap   total 1478656K, used 532903K [0x0000000780000000, 0x0000000800000000)
  region size 1024K, 117 young (119808K), 3 survivors (3072K)
 Metaspace       used 348685K, committed 350976K, reserved 1376256K
  class space    used 43210K, committed 44352K, reserved 1048576K

Heap Regions: E=young(eden), S=young(survivor), O=old, HS=humongous(starts), HC=humongous(continues), CS=collection set, F=free, OA=open archive, CA=closed archive, TAMS=top-at-mark-start (previous, next)
|   0|0x0000000780000000, 0x0000000780100000, 0x0000000780100000|100%| O|  |TAMS 0x0000000780100000, 0x0000000780000000| Untracked 
|   1|0x0000000780100000, 0x00000007801da2d8, 0x0000000780200000| 85%| O|  |TAMS 0x00000007801da2d8, 0x0000000780100000| Untracked 
|   2|0x0000000780200000, 0x0000000780300000, 0x0000000780300000|100%|HS|  |TAMS 0x0000000780300000, 0x0000000780200000| Complete 
|   3|0x0000000780300000, 0x0000000780400000, 0x0000000780400000|100%|HC|  |TAMS 0x0000000780400000, 0x0000000780300000| Complete 
|   4|0x0000000780400000, 0x0000000780500000, 0x0000000780500000|100%|HC|  |TAMS 0x0000000780500000, 0x0000000780400000| Complete 
|   5|0x0000000780500000, 0x00000007805ffc68, 0x0000000780600000| 99%| O|  |TAMS 0x00000007805ffc68, 0x0000000780500000| Untracked 
|   6|0x0000000780600000, 0x0000000780700000, 0x0000000780700000|100%|HS|  |TAMS 0x0000000780700000, 0x0000000780600000| Complete 
|   7|0x0000000780700000, 0x00000007807fcc10, 0x0000000780800000| 98%| O|  |TAMS 0x00000007807fcc10, 0x0000000780700000| Untracked 
|   8|0x0000000780800000, 0x00000007808ffff0, 0x0000000780900000| 99%| O|  |TAMS 0x00000007808ffff0, 0x0000000780800000| Untracked 
|   9|0x0000000780900000, 0x0000000780a00000, 0x0000000780a00000|100%| O|  |TAMS 0x0000000780a00000, 0x0000000780900000| Untracked 
|  10|0x0000000780a00000, 0x0000000780b00000, 0x0000000780b00000|100%| O|  |TAMS 0x0000000780b00000, 0x0000000780a00000| Untracked 
|  11|0x0000000780b00000, 0x0000000780bffff8, 0x0000000780c00000| 99%| O|  |TAMS 0x0000000780bffff8, 0x0000000780b00000| Untracked 
|  12|0x0000000780c00000, 0x0000000780d00000, 0x0000000780d00000|100%| O|  |TAMS 0x0000000780d00000, 0x0000000780c00000| Untracked 
|  13|0x0000000780d00000, 0x0000000780dfde60, 0x0000000780e00000| 99%| O|  |TAMS 0x0000000780dfde60, 0x0000000780d00000| Untracked 
|  14|0x0000000780e00000, 0x0000000780effff0, 0x0000000780f00000| 99%| O|  |TAMS 0x0000000780effff0, 0x0000000780e00000| Untracked 
|  15|0x0000000780f00000, 0x0000000780fffff8, 0x0000000781000000| 99%| O|  |TAMS 0x0000000780fffff8, 0x0000000780f00000| Untracked 
|  16|0x0000000781000000, 0x0000000781100000, 0x0000000781100000|100%| O|  |TAMS 0x0000000781100000, 0x0000000781000000| Untracked 
|  17|0x0000000781100000, 0x00000007811ffff8, 0x0000000781200000| 99%| O|  |TAMS 0x00000007811ffff8, 0x0000000781100000| Untracked 
|  18|0x0000000781200000, 0x00000007812ffff0, 0x0000000781300000| 99%| O|  |TAMS 0x00000007812ffff0, 0x0000000781200000| Untracked 
|  19|0x0000000781300000, 0x00000007813ffff8, 0x0000000781400000| 99%| O|  |TAMS 0x00000007813ffff8, 0x0000000781300000| Untracked 
|  20|0x0000000781400000, 0x00000007814ffff8, 0x0000000781500000| 99%| O|  |TAMS 0x00000007814ffff8, 0x0000000781400000| Untracked 
|  21|0x0000000781500000, 0x0000000781600000, 0x0000000781600000|100%| O|  |TAMS 0x0000000781600000, 0x0000000781500000| Untracked 
|  22|0x0000000781600000, 0x00000007816efd58, 0x0000000781700000| 93%| O|  |TAMS 0x00000007816efd58, 0x0000000781600000| Untracked 
|  23|0x0000000781700000, 0x00000007817fffa0, 0x0000000781800000| 99%| O|  |TAMS 0x00000007817fffa0, 0x0000000781700000| Untracked 
|  24|0x0000000781800000, 0x00000007818f9570, 0x0000000781900000| 97%| O|  |TAMS 0x00000007818f9570, 0x0000000781800000| Untracked 
|  25|0x0000000781900000, 0x00000007819ffff0, 0x0000000781a00000| 99%| O|  |TAMS 0x00000007819ffff0, 0x0000000781900000| Untracked 
|  26|0x0000000781a00000, 0x0000000781affff0, 0x0000000781b00000| 99%| O|  |TAMS 0x0000000781affff0, 0x0000000781a00000| Untracked 
|  27|0x0000000781b00000, 0x0000000781bfffe8, 0x0000000781c00000| 99%| O|  |TAMS 0x0000000781bfffe8, 0x0000000781b00000| Untracked 
|  28|0x0000000781c00000, 0x0000000781cfffe8, 0x0000000781d00000| 99%| O|  |TAMS 0x0000000781cfffe8, 0x0000000781c00000| Untracked 
|  29|0x0000000781d00000, 0x0000000781dfffc0, 0x0000000781e00000| 99%| O|  |TAMS 0x0000000781dfffc0, 0x0000000781d00000| Untracked 
|  30|0x0000000781e00000, 0x0000000781f00000, 0x0000000781f00000|100%| O|  |TAMS 0x0000000781f00000, 0x0000000781e00000| Untracked 
|  31|0x0000000781f00000, 0x0000000781ffe0e0, 0x0000000782000000| 99%| O|  |TAMS 0x0000000781ffe0e0, 0x0000000781f00000| Untracked 
|  32|0x0000000782000000, 0x00000007820fe200, 0x0000000782100000| 99%| O|  |TAMS 0x00000007820fe200, 0x0000000782000000| Untracked 
|  33|0x0000000782100000, 0x0000000782200000, 0x0000000782200000|100%| O|  |TAMS 0x0000000782200000, 0x0000000782100000| Untracked 
|  34|0x0000000782200000, 0x00000007822fffe0, 0x0000000782300000| 99%| O|  |TAMS 0x00000007822fffe0, 0x0000000782200000| Untracked 
|  35|0x0000000782300000, 0x00000007823fbdb0, 0x0000000782400000| 98%| O|  |TAMS 0x00000007823fbdb0, 0x0000000782300000| Untracked 
|  36|0x0000000782400000, 0x00000007824ffff8, 0x0000000782500000| 99%| O|  |TAMS 0x00000007824ffff8, 0x0000000782400000| Untracked 
|  37|0x0000000782500000, 0x0000000782600000, 0x0000000782600000|100%|HS|  |TAMS 0x0000000782600000, 0x0000000782500000| Complete 
|  38|0x0000000782600000, 0x0000000782700000, 0x0000000782700000|100%|HS|  |TAMS 0x0000000782700000, 0x0000000782600000| Complete 
|  39|0x0000000782700000, 0x00000007827fffd8, 0x0000000782800000| 99%| O|  |TAMS 0x00000007827fffd8, 0x0000000782700000| Untracked 
|  40|0x0000000782800000, 0x0000000782900000, 0x0000000782900000|100%| O|  |TAMS 0x0000000782900000, 0x0000000782800000| Untracked 
|  41|0x0000000782900000, 0x0000000782a00000, 0x0000000782a00000|100%| O|  |TAMS 0x0000000782a00000, 0x0000000782900000| Untracked 
|  42|0x0000000782a00000, 0x0000000782affff0, 0x0000000782b00000| 99%| O|  |TAMS 0x0000000782affff0, 0x0000000782a00000| Untracked 
|  43|0x0000000782b00000, 0x0000000782c00000, 0x0000000782c00000|100%|HS|  |TAMS 0x0000000782c00000, 0x0000000782b00000| Complete 
|  44|0x0000000782c00000, 0x0000000782d00000, 0x0000000782d00000|100%|HS|  |TAMS 0x0000000782d00000, 0x0000000782c00000| Complete 
|  45|0x0000000782d00000, 0x0000000782e00000, 0x0000000782e00000|100%|HS|  |TAMS 0x0000000782e00000, 0x0000000782d00000| Complete 
|  46|0x0000000782e00000, 0x0000000782f00000, 0x0000000782f00000|100%|HC|  |TAMS 0x0000000782f00000, 0x0000000782e00000| Complete 
|  47|0x0000000782f00000, 0x0000000783000000, 0x0000000783000000|100%|HS|  |TAMS 0x0000000783000000, 0x0000000782f00000| Complete 
|  48|0x0000000783000000, 0x0000000783100000, 0x0000000783100000|100%|HC|  |TAMS 0x0000000783100000, 0x0000000783000000| Complete 
|  49|0x0000000783100000, 0x0000000783200000, 0x0000000783200000|100%|HS|  |TAMS 0x0000000783200000, 0x0000000783100000| Complete 
|  50|0x0000000783200000, 0x0000000783300000, 0x0000000783300000|100%|HS|  |TAMS 0x0000000783300000, 0x0000000783200000| Complete 
|  51|0x0000000783300000, 0x0000000783400000, 0x0000000783400000|100%|HC|  |TAMS 0x0000000783400000, 0x0000000783300000| Complete 
|  52|0x0000000783400000, 0x0000000783500000, 0x0000000783500000|100%|HC|  |TAMS 0x0000000783500000, 0x0000000783400000| Complete 
|  53|0x0000000783500000, 0x0000000783600000, 0x0000000783600000|100%|HC|  |TAMS 0x0000000783600000, 0x0000000783500000| Complete 
|  54|0x0000000783600000, 0x0000000783700000, 0x0000000783700000|100%|HS|  |TAMS 0x0000000783700000, 0x0000000783600000| Complete 
|  55|0x0000000783700000, 0x0000000783800000, 0x0000000783800000|100%| O|  |TAMS 0x0000000783800000, 0x0000000783700000| Untracked 
|  56|0x0000000783800000, 0x00000007838ffff0, 0x0000000783900000| 99%| O|  |TAMS 0x00000007838ffff0, 0x0000000783800000| Untracked 
|  57|0x0000000783900000, 0x0000000783a00000, 0x0000000783a00000|100%|HS|  |TAMS 0x0000000783a00000, 0x0000000783900000| Complete 
|  58|0x0000000783a00000, 0x0000000783b00000, 0x0000000783b00000|100%| O|  |TAMS 0x0000000783b00000, 0x0000000783a00000| Untracked 
|  59|0x0000000783b00000, 0x0000000783c00000, 0x0000000783c00000|100%|HS|  |TAMS 0x0000000783c00000, 0x0000000783b00000| Complete 
|  60|0x0000000783c00000, 0x0000000783d00000, 0x0000000783d00000|100%|HS|  |TAMS 0x0000000783d00000, 0x0000000783c00000| Complete 
|  61|0x0000000783d00000, 0x0000000783dfffe0, 0x0000000783e00000| 99%| O|  |TAMS 0x0000000783dfffe0, 0x0000000783d00000| Untracked 
|  62|0x0000000783e00000, 0x0000000783effff8, 0x0000000783f00000| 99%| O|  |TAMS 0x0000000783effff8, 0x0000000783e00000| Untracked 
|  63|0x0000000783f00000, 0x0000000783ffffe0, 0x0000000784000000| 99%| O|  |TAMS 0x0000000783ffffe0, 0x0000000783f00000| Untracked 
|  64|0x0000000784000000, 0x0000000784100000, 0x0000000784100000|100%| O|  |TAMS 0x0000000784100000, 0x0000000784000000| Untracked 
|  65|0x0000000784100000, 0x00000007841ffff0, 0x0000000784200000| 99%| O|  |TAMS 0x00000007841ffff0, 0x0000000784100000| Untracked 
|  66|0x0000000784200000, 0x0000000784300000, 0x0000000784300000|100%| O|  |TAMS 0x0000000784300000, 0x0000000784200000| Untracked 
|  67|0x0000000784300000, 0x00000007843ffff8, 0x0000000784400000| 99%| O|  |TAMS 0x00000007843ffff8, 0x0000000784300000| Untracked 
|  68|0x0000000784400000, 0x0000000784500000, 0x0000000784500000|100%| O|  |TAMS 0x0000000784500000, 0x0000000784400000| Untracked 
|  69|0x0000000784500000, 0x00000007845fec88, 0x0000000784600000| 99%| O|  |TAMS 0x00000007845fec88, 0x0000000784500000| Untracked 
|  70|0x0000000784600000, 0x0000000784700000, 0x0000000784700000|100%| O|  |TAMS 0x0000000784700000, 0x0000000784600000| Untracked 
|  71|0x0000000784700000, 0x00000007847fffe8, 0x0000000784800000| 99%| O|  |TAMS 0x00000007847fffe8, 0x0000000784700000| Untracked 
|  72|0x0000000784800000, 0x00000007848ffff0, 0x0000000784900000| 99%| O|  |TAMS 0x00000007848ffff0, 0x0000000784800000| Untracked 
|  73|0x0000000784900000, 0x0000000784a00000, 0x0000000784a00000|100%|HS|  |TAMS 0x0000000784a00000, 0x0000000784900000| Complete 
|  74|0x0000000784a00000, 0x0000000784afffe8, 0x0000000784b00000| 99%| O|  |TAMS 0x0000000784afffe8, 0x0000000784a00000| Untracked 
|  75|0x0000000784b00000, 0x0000000784bfffe0, 0x0000000784c00000| 99%| O|  |TAMS 0x0000000784bfffe0, 0x0000000784b00000| Untracked 
|  76|0x0000000784c00000, 0x0000000784cffff0, 0x0000000784d00000| 99%| O|  |TAMS 0x0000000784cffff0, 0x0000000784c00000| Untracked 
|  77|0x0000000784d00000, 0x0000000784e00000, 0x0000000784e00000|100%|HS|  |TAMS 0x0000000784e00000, 0x0000000784d00000| Complete 
|  78|0x0000000784e00000, 0x0000000784f00000, 0x0000000784f00000|100%|HC|  |TAMS 0x0000000784f00000, 0x0000000784e00000| Complete 
|  79|0x0000000784f00000, 0x0000000785000000, 0x0000000785000000|100%|HC|  |TAMS 0x0000000785000000, 0x0000000784f00000| Complete 
|  80|0x0000000785000000, 0x0000000785100000, 0x0000000785100000|100%|HC|  |TAMS 0x0000000785100000, 0x0000000785000000| Complete 
|  81|0x0000000785100000, 0x00000007851ffff0, 0x0000000785200000| 99%| O|  |TAMS 0x00000007851ffff0, 0x0000000785100000| Untracked 
|  82|0x0000000785200000, 0x00000007852fffe8, 0x0000000785300000| 99%| O|  |TAMS 0x00000007852fffe8, 0x0000000785200000| Untracked 
|  83|0x0000000785300000, 0x00000007853ffff8, 0x0000000785400000| 99%| O|  |TAMS 0x00000007853ffff8, 0x0000000785300000| Untracked 
|  84|0x0000000785400000, 0x00000007854ffff0, 0x0000000785500000| 99%| O|  |TAMS 0x00000007854ffff0, 0x0000000785400000| Untracked 
|  85|0x0000000785500000, 0x0000000785600000, 0x0000000785600000|100%|HS|  |TAMS 0x0000000785600000, 0x0000000785500000| Complete 
|  86|0x0000000785600000, 0x00000007856fffc8, 0x0000000785700000| 99%| O|  |TAMS 0x00000007856fffc8, 0x0000000785600000| Untracked 
|  87|0x0000000785700000, 0x0000000785800000, 0x0000000785800000|100%| O|  |TAMS 0x0000000785800000, 0x0000000785700000| Untracked 
|  88|0x0000000785800000, 0x00000007858fffe8, 0x0000000785900000| 99%| O|  |TAMS 0x00000007858fffe8, 0x0000000785800000| Untracked 
|  89|0x0000000785900000, 0x0000000785a00000, 0x0000000785a00000|100%| O|  |TAMS 0x0000000785a00000, 0x0000000785900000| Untracked 
|  90|0x0000000785a00000, 0x0000000785afffe0, 0x0000000785b00000| 99%| O|  |TAMS 0x0000000785afffe0, 0x0000000785a00000| Untracked 
|  91|0x0000000785b00000, 0x0000000785c00000, 0x0000000785c00000|100%| O|  |TAMS 0x0000000785c00000, 0x0000000785b00000| Untracked 
|  92|0x0000000785c00000, 0x0000000785cffff8, 0x0000000785d00000| 99%| O|  |TAMS 0x0000000785cffff8, 0x0000000785c00000| Untracked 
|  93|0x0000000785d00000, 0x0000000785dfff88, 0x0000000785e00000| 99%| O|  |TAMS 0x0000000785dfff88, 0x0000000785d00000| Untracked 
|  94|0x0000000785e00000, 0x0000000785efffe8, 0x0000000785f00000| 99%| O|  |TAMS 0x0000000785efffe8, 0x0000000785e00000| Untracked 
|  95|0x0000000785f00000, 0x0000000785fffff0, 0x0000000786000000| 99%| O|  |TAMS 0x0000000785fffff0, 0x0000000785f00000| Untracked 
|  96|0x0000000786000000, 0x0000000786100000, 0x0000000786100000|100%| O|  |TAMS 0x0000000786100000, 0x0000000786000000| Untracked 
|  97|0x0000000786100000, 0x00000007861ffff0, 0x0000000786200000| 99%| O|  |TAMS 0x00000007861ffff0, 0x0000000786100000| Untracked 
|  98|0x0000000786200000, 0x0000000786300000, 0x0000000786300000|100%| O|  |TAMS 0x0000000786300000, 0x0000000786200000| Untracked 
|  99|0x0000000786300000, 0x00000007863ffff0, 0x0000000786400000| 99%| O|  |TAMS 0x00000007863ffff0, 0x0000000786300000| Untracked 
| 100|0x0000000786400000, 0x00000007864ffff0, 0x0000000786500000| 99%| O|  |TAMS 0x00000007864ffff0, 0x0000000786400000| Untracked 
| 101|0x0000000786500000, 0x00000007865fff28, 0x0000000786600000| 99%| O|  |TAMS 0x00000007865fff28, 0x0000000786500000| Untracked 
| 102|0x0000000786600000, 0x00000007866fffe0, 0x0000000786700000| 99%| O|  |TAMS 0x00000007866fffe0, 0x0000000786600000| Untracked 
| 103|0x0000000786700000, 0x00000007867fffd8, 0x0000000786800000| 99%| O|  |TAMS 0x00000007867fffd8, 0x0000000786700000| Untracked 
| 104|0x0000000786800000, 0x0000000786900000, 0x0000000786900000|100%| O|  |TAMS 0x0000000786900000, 0x0000000786800000| Untracked 
| 105|0x0000000786900000, 0x0000000786a00000, 0x0000000786a00000|100%| O|  |TAMS 0x0000000786a00000, 0x0000000786900000| Untracked 
| 106|0x0000000786a00000, 0x0000000786afffd0, 0x0000000786b00000| 99%| O|  |TAMS 0x0000000786afffd0, 0x0000000786a00000| Untracked 
| 107|0x0000000786b00000, 0x0000000786c00000, 0x0000000786c00000|100%| O|  |TAMS 0x0000000786c00000, 0x0000000786b00000| Untracked 
| 108|0x0000000786c00000, 0x0000000786cffff0, 0x0000000786d00000| 99%| O|  |TAMS 0x0000000786cffff0, 0x0000000786c00000| Untracked 
| 109|0x0000000786d00000, 0x0000000786dfffe8, 0x0000000786e00000| 99%| O|  |TAMS 0x0000000786dfffe8, 0x0000000786d00000| Untracked 
| 110|0x0000000786e00000, 0x0000000786effff8, 0x0000000786f00000| 99%| O|  |TAMS 0x0000000786effff8, 0x0000000786e00000| Untracked 
| 111|0x0000000786f00000, 0x0000000787000000, 0x0000000787000000|100%| O|  |TAMS 0x0000000787000000, 0x0000000786f00000| Untracked 
| 112|0x0000000787000000, 0x00000007870ffff0, 0x0000000787100000| 99%| O|  |TAMS 0x00000007870ffff0, 0x0000000787000000| Untracked 
| 113|0x0000000787100000, 0x00000007871ffff0, 0x0000000787200000| 99%| O|  |TAMS 0x00000007871ffff0, 0x0000000787100000| Untracked 
| 114|0x0000000787200000, 0x0000000787300000, 0x0000000787300000|100%|HS|  |TAMS 0x0000000787300000, 0x0000000787200000| Complete 
| 115|0x0000000787300000, 0x00000007873fffd8, 0x0000000787400000| 99%| O|  |TAMS 0x00000007873fffd8, 0x0000000787300000| Untracked 
| 116|0x0000000787400000, 0x0000000787500000, 0x0000000787500000|100%|HS|  |TAMS 0x0000000787500000, 0x0000000787400000| Complete 
| 117|0x0000000787500000, 0x00000007875ffff0, 0x0000000787600000| 99%| O|  |TAMS 0x00000007875ffff0, 0x0000000787500000| Untracked 
| 118|0x0000000787600000, 0x00000007876fffe8, 0x0000000787700000| 99%| O|  |TAMS 0x00000007876fffe8, 0x0000000787600000| Untracked 
| 119|0x0000000787700000, 0x00000007877fffd8, 0x0000000787800000| 99%| O|  |TAMS 0x00000007877fffd8, 0x0000000787700000| Untracked 
| 120|0x0000000787800000, 0x0000000787900000, 0x0000000787900000|100%| O|  |TAMS 0x0000000787900000, 0x0000000787800000| Untracked 
| 121|0x0000000787900000, 0x00000007879ffff8, 0x0000000787a00000| 99%| O|  |TAMS 0x00000007879ffff8, 0x0000000787900000| Untracked 
| 122|0x0000000787a00000, 0x0000000787affff0, 0x0000000787b00000| 99%| O|  |TAMS 0x0000000787affff0, 0x0000000787a00000| Untracked 
| 123|0x0000000787b00000, 0x0000000787bffff8, 0x0000000787c00000| 99%| O|  |TAMS 0x0000000787bffff8, 0x0000000787b00000| Untracked 
| 124|0x0000000787c00000, 0x0000000787cfffe0, 0x0000000787d00000| 99%| O|  |TAMS 0x0000000787cfffe0, 0x0000000787c00000| Untracked 
| 125|0x0000000787d00000, 0x0000000787e00000, 0x0000000787e00000|100%| O|  |TAMS 0x0000000787e00000, 0x0000000787d00000| Untracked 
| 126|0x0000000787e00000, 0x0000000787effff0, 0x0000000787f00000| 99%| O|  |TAMS 0x0000000787effff0, 0x0000000787e00000| Untracked 
| 127|0x0000000787f00000, 0x0000000787ffffe8, 0x0000000788000000| 99%| O|  |TAMS 0x0000000787ffffe8, 0x0000000787f00000| Untracked 
| 128|0x0000000788000000, 0x00000007880ffff0, 0x0000000788100000| 99%| O|  |TAMS 0x00000007880ffff0, 0x0000000788000000| Untracked 
| 129|0x0000000788100000, 0x00000007881fffe8, 0x0000000788200000| 99%| O|  |TAMS 0x00000007881fffe8, 0x0000000788100000| Untracked 
| 130|0x0000000788200000, 0x0000000788300000, 0x0000000788300000|100%|HS|  |TAMS 0x0000000788300000, 0x0000000788200000| Complete 
| 131|0x0000000788300000, 0x0000000788400000, 0x0000000788400000|100%|HC|  |TAMS 0x0000000788400000, 0x0000000788300000| Complete 
| 132|0x0000000788400000, 0x0000000788500000, 0x0000000788500000|100%|HC|  |TAMS 0x0000000788500000, 0x0000000788400000| Complete 
| 133|0x0000000788500000, 0x0000000788600000, 0x0000000788600000|100%| O|  |TAMS 0x0000000788600000, 0x0000000788500000| Untracked 
| 134|0x0000000788600000, 0x0000000788700000, 0x0000000788700000|100%| O|  |TAMS 0x0000000788700000, 0x0000000788600000| Untracked 
| 135|0x0000000788700000, 0x0000000788800000, 0x0000000788800000|100%|HS|  |TAMS 0x0000000788700000, 0x0000000788700000| Complete 
| 136|0x0000000788800000, 0x0000000788900000, 0x0000000788900000|100%| O|  |TAMS 0x0000000788900000, 0x0000000788800000| Complete 
| 137|0x0000000788900000, 0x00000007889fffd8, 0x0000000788a00000| 99%| O|  |TAMS 0x00000007889fffd8, 0x0000000788900000| Untracked 
| 138|0x0000000788a00000, 0x0000000788b00000, 0x0000000788b00000|100%| O|  |TAMS 0x0000000788b00000, 0x0000000788a00000| Untracked 
| 139|0x0000000788b00000, 0x0000000788c00000, 0x0000000788c00000|100%| O|  |TAMS 0x0000000788c00000, 0x0000000788b00000| Untracked 
| 140|0x0000000788c00000, 0x0000000788d00000, 0x0000000788d00000|100%| O|  |TAMS 0x0000000788d00000, 0x0000000788c00000| Untracked 
| 141|0x0000000788d00000, 0x0000000788ded840, 0x0000000788e00000| 92%| O|  |TAMS 0x0000000788ded840, 0x0000000788d00000| Untracked 
| 142|0x0000000788e00000, 0x0000000788f00000, 0x0000000788f00000|100%| O|  |TAMS 0x0000000788f00000, 0x0000000788e00000| Untracked 
| 143|0x0000000788f00000, 0x0000000789000000, 0x0000000789000000|100%| O|  |TAMS 0x0000000789000000, 0x0000000788f00000| Untracked 
| 144|0x0000000789000000, 0x00000007890ffff8, 0x0000000789100000| 99%| O|  |TAMS 0x00000007890ffff8, 0x0000000789000000| Untracked 
| 145|0x0000000789100000, 0x0000000789200000, 0x0000000789200000|100%| O|  |TAMS 0x0000000789200000, 0x0000000789100000| Untracked 
| 146|0x0000000789200000, 0x00000007892ffff8, 0x0000000789300000| 99%| O|  |TAMS 0x00000007892ffff8, 0x0000000789200000| Untracked 
| 147|0x0000000789300000, 0x00000007893fffe0, 0x0000000789400000| 99%| O|  |TAMS 0x00000007893fffe0, 0x0000000789300000| Untracked 
| 148|0x0000000789400000, 0x0000000789500000, 0x0000000789500000|100%|HS|  |TAMS 0x0000000789400000, 0x0000000789400000| Complete 
| 149|0x0000000789500000, 0x0000000789600000, 0x0000000789600000|100%| O|  |TAMS 0x0000000789600000, 0x0000000789500000| Untracked 
| 150|0x0000000789600000, 0x00000007896ffff8, 0x0000000789700000| 99%| O|  |TAMS 0x00000007896ffff8, 0x0000000789600000| Untracked 
| 151|0x0000000789700000, 0x00000007897fffc0, 0x0000000789800000| 99%| O|  |TAMS 0x00000007897fffc0, 0x0000000789700000| Untracked 
| 152|0x0000000789800000, 0x0000000789900000, 0x0000000789900000|100%| O|  |TAMS 0x0000000789900000, 0x0000000789800000| Untracked 
| 153|0x0000000789900000, 0x0000000789a00000, 0x0000000789a00000|100%| O|  |TAMS 0x0000000789a00000, 0x0000000789900000| Untracked 
| 154|0x0000000789a00000, 0x0000000789afffd8, 0x0000000789b00000| 99%| O|  |TAMS 0x0000000789afffd8, 0x0000000789a00000| Untracked 
| 155|0x0000000789b00000, 0x0000000789c00000, 0x0000000789c00000|100%| O|  |TAMS 0x0000000789c00000, 0x0000000789b00000| Untracked 
| 156|0x0000000789c00000, 0x0000000789d00000, 0x0000000789d00000|100%| O|  |TAMS 0x0000000789d00000, 0x0000000789c00000| Untracked 
| 157|0x0000000789d00000, 0x0000000789dfff78, 0x0000000789e00000| 99%| O|  |TAMS 0x0000000789dfff78, 0x0000000789d00000| Untracked 
| 158|0x0000000789e00000, 0x0000000789f00000, 0x0000000789f00000|100%| O|  |TAMS 0x0000000789f00000, 0x0000000789e00000| Untracked 
| 159|0x0000000789f00000, 0x0000000789ffffe8, 0x000000078a000000| 99%| O|  |TAMS 0x0000000789ffffe8, 0x0000000789f00000| Untracked 
| 160|0x000000078a000000, 0x000000078a100000, 0x000000078a100000|100%| O|  |TAMS 0x000000078a100000, 0x000000078a000000| Untracked 
| 161|0x000000078a100000, 0x000000078a1f2338, 0x000000078a200000| 94%| O|  |TAMS 0x000000078a1f2338, 0x000000078a100000| Untracked 
| 162|0x000000078a200000, 0x000000078a300000, 0x000000078a300000|100%| O|  |TAMS 0x000000078a300000, 0x000000078a200000| Untracked 
| 163|0x000000078a300000, 0x000000078a400000, 0x000000078a400000|100%| O|  |TAMS 0x000000078a400000, 0x000000078a300000| Untracked 
| 164|0x000000078a400000, 0x000000078a4fbf10, 0x000000078a500000| 98%| O|  |TAMS 0x000000078a4fbf10, 0x000000078a400000| Untracked 
| 165|0x000000078a500000, 0x000000078a5ffff0, 0x000000078a600000| 99%| O|  |TAMS 0x000000078a5ffff0, 0x000000078a500000| Untracked 
| 166|0x000000078a600000, 0x000000078a6ffff8, 0x000000078a700000| 99%| O|  |TAMS 0x000000078a6ffff8, 0x000000078a600000| Untracked 
| 167|0x000000078a700000, 0x000000078a7c1ff8, 0x000000078a800000| 75%| O|  |TAMS 0x000000078a7c1ff8, 0x000000078a700000| Untracked 
| 168|0x000000078a800000, 0x000000078a8fffd8, 0x000000078a900000| 99%| O|  |TAMS 0x000000078a8fffd8, 0x000000078a800000| Untracked 
| 169|0x000000078a900000, 0x000000078a9ffff0, 0x000000078aa00000| 99%| O|  |TAMS 0x000000078a9ffff0, 0x000000078a900000| Untracked 
| 170|0x000000078aa00000, 0x000000078aaffff0, 0x000000078ab00000| 99%| O|  |TAMS 0x000000078aaffff0, 0x000000078aa00000| Untracked 
| 171|0x000000078ab00000, 0x000000078ac00000, 0x000000078ac00000|100%| O|  |TAMS 0x000000078ac00000, 0x000000078ab00000| Untracked 
| 172|0x000000078ac00000, 0x000000078acfffe8, 0x000000078ad00000| 99%| O|  |TAMS 0x000000078acfffe8, 0x000000078ac00000| Untracked 
| 173|0x000000078ad00000, 0x000000078ae00000, 0x000000078ae00000|100%| O|  |TAMS 0x000000078ae00000, 0x000000078ad00000| Untracked 
| 174|0x000000078ae00000, 0x000000078af00000, 0x000000078af00000|100%| O|  |TAMS 0x000000078af00000, 0x000000078ae00000| Untracked 
| 175|0x000000078af00000, 0x000000078b000000, 0x000000078b000000|100%| O|  |TAMS 0x000000078b000000, 0x000000078af00000| Untracked 
| 176|0x000000078b000000, 0x000000078b100000, 0x000000078b100000|100%| O|  |TAMS 0x000000078b100000, 0x000000078b000000| Untracked 
| 177|0x000000078b100000, 0x000000078b200000, 0x000000078b200000|100%| O|  |TAMS 0x000000078b200000, 0x000000078b100000| Untracked 
| 178|0x000000078b200000, 0x000000078b300000, 0x000000078b300000|100%|HS|  |TAMS 0x000000078b300000, 0x000000078b200000| Complete 
| 179|0x000000078b300000, 0x000000078b400000, 0x000000078b400000|100%|HC|  |TAMS 0x000000078b400000, 0x000000078b300000| Complete 
| 180|0x000000078b400000, 0x000000078b500000, 0x000000078b500000|100%|HC|  |TAMS 0x000000078b500000, 0x000000078b400000| Complete 
| 181|0x000000078b500000, 0x000000078b600000, 0x000000078b600000|100%| O|  |TAMS 0x000000078b600000, 0x000000078b500000| Untracked 
| 182|0x000000078b600000, 0x000000078b700000, 0x000000078b700000|100%| O|  |TAMS 0x000000078b700000, 0x000000078b600000| Untracked 
| 183|0x000000078b700000, 0x000000078b7fffd8, 0x000000078b800000| 99%| O|  |TAMS 0x000000078b7fffd8, 0x000000078b700000| Untracked 
| 184|0x000000078b800000, 0x000000078b900000, 0x000000078b900000|100%| O|  |TAMS 0x000000078b900000, 0x000000078b800000| Untracked 
| 185|0x000000078b900000, 0x000000078b9fffd8, 0x000000078ba00000| 99%| O|  |TAMS 0x000000078b9fffd8, 0x000000078b900000| Untracked 
| 186|0x000000078ba00000, 0x000000078bb00000, 0x000000078bb00000|100%| O|  |TAMS 0x000000078bb00000, 0x000000078ba00000| Untracked 
| 187|0x000000078bb00000, 0x000000078bc00000, 0x000000078bc00000|100%| O|  |TAMS 0x000000078bc00000, 0x000000078bb00000| Untracked 
| 188|0x000000078bc00000, 0x000000078bcfffe8, 0x000000078bd00000| 99%| O|  |TAMS 0x000000078bcfffe8, 0x000000078bc00000| Untracked 
| 189|0x000000078bd00000, 0x000000078be00000, 0x000000078be00000|100%| O|  |TAMS 0x000000078be00000, 0x000000078bd00000| Untracked 
| 190|0x000000078be00000, 0x000000078beffff0, 0x000000078bf00000| 99%| O|  |TAMS 0x000000078beffff0, 0x000000078be00000| Untracked 
| 191|0x000000078bf00000, 0x000000078c000000, 0x000000078c000000|100%| O|  |TAMS 0x000000078c000000, 0x000000078bf00000| Untracked 
| 192|0x000000078c000000, 0x000000078c100000, 0x000000078c100000|100%| O|  |TAMS 0x000000078c100000, 0x000000078c000000| Untracked 
| 193|0x000000078c100000, 0x000000078c200000, 0x000000078c200000|100%|HS|  |TAMS 0x000000078c100000, 0x000000078c100000| Complete 
| 194|0x000000078c200000, 0x000000078c300000, 0x000000078c300000|100%| O|  |TAMS 0x000000078c300000, 0x000000078c200000| Untracked 
| 195|0x000000078c300000, 0x000000078c400000, 0x000000078c400000|100%|HS|  |TAMS 0x000000078c400000, 0x000000078c300000| Complete 
| 196|0x000000078c400000, 0x000000078c500000, 0x000000078c500000|100%|HC|  |TAMS 0x000000078c500000, 0x000000078c400000| Complete 
| 197|0x000000078c500000, 0x000000078c600000, 0x000000078c600000|100%|HC|  |TAMS 0x000000078c600000, 0x000000078c500000| Complete 
| 198|0x000000078c600000, 0x000000078c700000, 0x000000078c700000|100%|HC|  |TAMS 0x000000078c700000, 0x000000078c600000| Complete 
| 199|0x000000078c700000, 0x000000078c800000, 0x000000078c800000|100%|HC|  |TAMS 0x000000078c800000, 0x000000078c700000| Complete 
| 200|0x000000078c800000, 0x000000078c900000, 0x000000078c900000|100%|HC|  |TAMS 0x000000078c900000, 0x000000078c800000| Complete 
| 201|0x000000078c900000, 0x000000078ca00000, 0x000000078ca00000|100%|HC|  |TAMS 0x000000078ca00000, 0x000000078c900000| Complete 
| 202|0x000000078ca00000, 0x000000078cb00000, 0x000000078cb00000|100%|HS|  |TAMS 0x000000078cb00000, 0x000000078ca00000| Complete 
| 203|0x000000078cb00000, 0x000000078cc00000, 0x000000078cc00000|100%|HC|  |TAMS 0x000000078cc00000, 0x000000078cb00000| Complete 
| 204|0x000000078cc00000, 0x000000078cd00000, 0x000000078cd00000|100%|HC|  |TAMS 0x000000078cd00000, 0x000000078cc00000| Complete 
| 205|0x000000078cd00000, 0x000000078ce00000, 0x000000078ce00000|100%|HC|  |TAMS 0x000000078ce00000, 0x000000078cd00000| Complete 
| 206|0x000000078ce00000, 0x000000078cf00000, 0x000000078cf00000|100%|HS|  |TAMS 0x000000078cf00000, 0x000000078ce00000| Complete 
| 207|0x000000078cf00000, 0x000000078d000000, 0x000000078d000000|100%|HC|  |TAMS 0x000000078d000000, 0x000000078cf00000| Complete 
| 208|0x000000078d000000, 0x000000078d100000, 0x000000078d100000|100%|HC|  |TAMS 0x000000078d100000, 0x000000078d000000| Complete 
| 209|0x000000078d100000, 0x000000078d200000, 0x000000078d200000|100%|HC|  |TAMS 0x000000078d200000, 0x000000078d100000| Complete 
| 210|0x000000078d200000, 0x000000078d300000, 0x000000078d300000|100%| O|  |TAMS 0x000000078d300000, 0x000000078d200000| Untracked 
| 211|0x000000078d300000, 0x000000078d400000, 0x000000078d400000|100%| O|  |TAMS 0x000000078d400000, 0x000000078d300000| Untracked 
| 212|0x000000078d400000, 0x000000078d500000, 0x000000078d500000|100%| O|  |TAMS 0x000000078d500000, 0x000000078d400000| Untracked 
| 213|0x000000078d500000, 0x000000078d600000, 0x000000078d600000|100%| O|  |TAMS 0x000000078d600000, 0x000000078d500000| Untracked 
| 214|0x000000078d600000, 0x000000078d700000, 0x000000078d700000|100%| O|  |TAMS 0x000000078d700000, 0x000000078d600000| Untracked 
| 215|0x000000078d700000, 0x000000078d800000, 0x000000078d800000|100%| O|  |TAMS 0x000000078d800000, 0x000000078d700000| Complete 
| 216|0x000000078d800000, 0x000000078d900000, 0x000000078d900000|100%|HS|  |TAMS 0x000000078d900000, 0x000000078d800000| Complete 
| 217|0x000000078d900000, 0x000000078da00000, 0x000000078da00000|100%|HC|  |TAMS 0x000000078da00000, 0x000000078d900000| Complete 
| 218|0x000000078da00000, 0x000000078db00000, 0x000000078db00000|100%| O|  |TAMS 0x000000078db00000, 0x000000078da00000| Untracked 
| 219|0x000000078db00000, 0x000000078dc00000, 0x000000078dc00000|100%| O|  |TAMS 0x000000078dc00000, 0x000000078db00000| Untracked 
| 220|0x000000078dc00000, 0x000000078dcfffe0, 0x000000078dd00000| 99%| O|  |TAMS 0x000000078dcfffe0, 0x000000078dc00000| Untracked 
| 221|0x000000078dd00000, 0x000000078de00000, 0x000000078de00000|100%| O|  |TAMS 0x000000078de00000, 0x000000078dd00000| Untracked 
| 222|0x000000078de00000, 0x000000078df00000, 0x000000078df00000|100%| O|  |TAMS 0x000000078df00000, 0x000000078de00000| Untracked 
| 223|0x000000078df00000, 0x000000078e000000, 0x000000078e000000|100%| O|  |TAMS 0x000000078e000000, 0x000000078df00000| Complete 
| 224|0x000000078e000000, 0x000000078e100000, 0x000000078e100000|100%| O|  |TAMS 0x000000078e100000, 0x000000078e000000| Untracked 
| 225|0x000000078e100000, 0x000000078e200000, 0x000000078e200000|100%| O|  |TAMS 0x000000078e200000, 0x000000078e100000| Untracked 
| 226|0x000000078e200000, 0x000000078e300000, 0x000000078e300000|100%| O|  |TAMS 0x000000078e300000, 0x000000078e200000| Complete 
| 227|0x000000078e300000, 0x000000078e400000, 0x000000078e400000|100%| O|  |TAMS 0x000000078e400000, 0x000000078e300000| Untracked 
| 228|0x000000078e400000, 0x000000078e500000, 0x000000078e500000|100%| O|  |TAMS 0x000000078e500000, 0x000000078e400000| Untracked 
| 229|0x000000078e500000, 0x000000078e5fffe8, 0x000000078e600000| 99%| O|  |TAMS 0x000000078e5fffe8, 0x000000078e500000| Untracked 
| 230|0x000000078e600000, 0x000000078e700000, 0x000000078e700000|100%| O|  |TAMS 0x000000078e700000, 0x000000078e600000| Untracked 
| 231|0x000000078e700000, 0x000000078e800000, 0x000000078e800000|100%| O|  |TAMS 0x000000078e800000, 0x000000078e700000| Untracked 
| 232|0x000000078e800000, 0x000000078e900000, 0x000000078e900000|100%| O|  |TAMS 0x000000078e900000, 0x000000078e800000| Untracked 
| 233|0x000000078e900000, 0x000000078ea00000, 0x000000078ea00000|100%| O|  |TAMS 0x000000078ea00000, 0x000000078e900000| Untracked 
| 234|0x000000078ea00000, 0x000000078eb00000, 0x000000078eb00000|100%| O|  |TAMS 0x000000078eb00000, 0x000000078ea00000| Untracked 
| 235|0x000000078eb00000, 0x000000078ec00000, 0x000000078ec00000|100%| O|  |TAMS 0x000000078ec00000, 0x000000078eb00000| Untracked 
| 236|0x000000078ec00000, 0x000000078ed00000, 0x000000078ed00000|100%| O|  |TAMS 0x000000078ed00000, 0x000000078ec00000| Untracked 
| 237|0x000000078ed00000, 0x000000078ee00000, 0x000000078ee00000|100%| O|  |TAMS 0x000000078ee00000, 0x000000078ed00000| Untracked 
| 238|0x000000078ee00000, 0x000000078ef00000, 0x000000078ef00000|100%|HS|  |TAMS 0x000000078ef00000, 0x000000078ee00000| Complete 
| 239|0x000000078ef00000, 0x000000078f000000, 0x000000078f000000|100%|HC|  |TAMS 0x000000078f000000, 0x000000078ef00000| Complete 
| 240|0x000000078f000000, 0x000000078f100000, 0x000000078f100000|100%|HC|  |TAMS 0x000000078f100000, 0x000000078f000000| Complete 
| 241|0x000000078f100000, 0x000000078f200000, 0x000000078f200000|100%|HC|  |TAMS 0x000000078f200000, 0x000000078f100000| Complete 
| 242|0x000000078f200000, 0x000000078f300000, 0x000000078f300000|100%|HC|  |TAMS 0x000000078f300000, 0x000000078f200000| Complete 
| 243|0x000000078f300000, 0x000000078f400000, 0x000000078f400000|100%|HC|  |TAMS 0x000000078f400000, 0x000000078f300000| Complete 
| 244|0x000000078f400000, 0x000000078f500000, 0x000000078f500000|100%|HC|  |TAMS 0x000000078f500000, 0x000000078f400000| Complete 
| 245|0x000000078f500000, 0x000000078f600000, 0x000000078f600000|100%|HS|  |TAMS 0x000000078f600000, 0x000000078f500000| Complete 
| 246|0x000000078f600000, 0x000000078f700000, 0x000000078f700000|100%|HC|  |TAMS 0x000000078f700000, 0x000000078f600000| Complete 
| 247|0x000000078f700000, 0x000000078f800000, 0x000000078f800000|100%|HC|  |TAMS 0x000000078f800000, 0x000000078f700000| Complete 
| 248|0x000000078f800000, 0x000000078f900000, 0x000000078f900000|100%|HS|  |TAMS 0x000000078f900000, 0x000000078f800000| Complete 
| 249|0x000000078f900000, 0x000000078fa00000, 0x000000078fa00000|100%|HC|  |TAMS 0x000000078fa00000, 0x000000078f900000| Complete 
| 250|0x000000078fa00000, 0x000000078fb00000, 0x000000078fb00000|100%|HC|  |TAMS 0x000000078fb00000, 0x000000078fa00000| Complete 
| 251|0x000000078fb00000, 0x000000078fc00000, 0x000000078fc00000|100%|HC|  |TAMS 0x000000078fc00000, 0x000000078fb00000| Complete 
| 252|0x000000078fc00000, 0x000000078fd00000, 0x000000078fd00000|100%|HC|  |TAMS 0x000000078fd00000, 0x000000078fc00000| Complete 
| 253|0x000000078fd00000, 0x000000078fe00000, 0x000000078fe00000|100%|HC|  |TAMS 0x000000078fe00000, 0x000000078fd00000| Complete 
| 254|0x000000078fe00000, 0x000000078ff00000, 0x000000078ff00000|100%|HC|  |TAMS 0x000000078ff00000, 0x000000078fe00000| Complete 
| 255|0x000000078ff00000, 0x0000000790000000, 0x0000000790000000|100%|HS|  |TAMS 0x0000000790000000, 0x000000078ff00000| Complete 
| 256|0x0000000790000000, 0x0000000790100000, 0x0000000790100000|100%|HC|  |TAMS 0x0000000790100000, 0x0000000790000000| Complete 
| 257|0x0000000790100000, 0x0000000790200000, 0x0000000790200000|100%|HC|  |TAMS 0x0000000790200000, 0x0000000790100000| Complete 
| 258|0x0000000790200000, 0x0000000790300000, 0x0000000790300000|100%|HC|  |TAMS 0x0000000790300000, 0x0000000790200000| Complete 
| 259|0x0000000790300000, 0x0000000790400000, 0x0000000790400000|100%|HC|  |TAMS 0x0000000790400000, 0x0000000790300000| Complete 
| 260|0x0000000790400000, 0x0000000790500000, 0x0000000790500000|100%|HC|  |TAMS 0x0000000790500000, 0x0000000790400000| Complete 
| 261|0x0000000790500000, 0x0000000790600000, 0x0000000790600000|100%| O|  |TAMS 0x0000000790600000, 0x0000000790500000| Untracked 
| 262|0x0000000790600000, 0x0000000790700000, 0x0000000790700000|100%| O|  |TAMS 0x0000000790700000, 0x0000000790600000| Untracked 
| 263|0x0000000790700000, 0x00000007907fffd8, 0x0000000790800000| 99%| O|  |TAMS 0x00000007907fffd8, 0x0000000790700000| Untracked 
| 264|0x0000000790800000, 0x0000000790900000, 0x0000000790900000|100%| O|  |TAMS 0x0000000790900000, 0x0000000790800000| Untracked 
| 265|0x0000000790900000, 0x0000000790a00000, 0x0000000790a00000|100%| O|  |TAMS 0x0000000790a00000, 0x0000000790900000| Untracked 
| 266|0x0000000790a00000, 0x0000000790b00000, 0x0000000790b00000|100%| O|  |TAMS 0x0000000790b00000, 0x0000000790a00000| Untracked 
| 267|0x0000000790b00000, 0x0000000790bfffe8, 0x0000000790c00000| 99%| O|  |TAMS 0x0000000790bfffe8, 0x0000000790b00000| Untracked 
| 268|0x0000000790c00000, 0x0000000790d00000, 0x0000000790d00000|100%|HS|  |TAMS 0x0000000790c00000, 0x0000000790c00000| Complete 
| 269|0x0000000790d00000, 0x0000000790e00000, 0x0000000790e00000|100%| O|  |TAMS 0x0000000790e00000, 0x0000000790d00000| Complete 
| 270|0x0000000790e00000, 0x0000000790f00000, 0x0000000790f00000|100%| O|  |TAMS 0x0000000790f00000, 0x0000000790e00000| Untracked 
| 271|0x0000000790f00000, 0x0000000791000000, 0x0000000791000000|100%| O|  |TAMS 0x0000000791000000, 0x0000000790f00000| Untracked 
| 272|0x0000000791000000, 0x0000000791100000, 0x0000000791100000|100%| O|  |TAMS 0x0000000791100000, 0x0000000791000000| Untracked 
| 273|0x0000000791100000, 0x0000000791200000, 0x0000000791200000|100%| O|  |TAMS 0x0000000791200000, 0x0000000791100000| Untracked 
| 274|0x0000000791200000, 0x0000000791300000, 0x0000000791300000|100%| O|  |TAMS 0x0000000791300000, 0x0000000791200000| Untracked 
| 275|0x0000000791300000, 0x0000000791400000, 0x0000000791400000|100%| O|  |TAMS 0x0000000791400000, 0x0000000791300000| Untracked 
| 276|0x0000000791400000, 0x0000000791500000, 0x0000000791500000|100%| O|  |TAMS 0x0000000791500000, 0x0000000791400000| Untracked 
| 277|0x0000000791500000, 0x0000000791600000, 0x0000000791600000|100%| O|  |TAMS 0x0000000791600000, 0x0000000791500000| Untracked 
| 278|0x0000000791600000, 0x0000000791700000, 0x0000000791700000|100%| O|  |TAMS 0x0000000791700000, 0x0000000791600000| Untracked 
| 279|0x0000000791700000, 0x0000000791800000, 0x0000000791800000|100%| O|  |TAMS 0x0000000791800000, 0x0000000791700000| Untracked 
| 280|0x0000000791800000, 0x0000000791900000, 0x0000000791900000|100%| O|  |TAMS 0x0000000791900000, 0x0000000791800000| Untracked 
| 281|0x0000000791900000, 0x0000000791a00000, 0x0000000791a00000|100%| O|  |TAMS 0x0000000791a00000, 0x0000000791900000| Untracked 
| 282|0x0000000791a00000, 0x0000000791b00000, 0x0000000791b00000|100%| O|  |TAMS 0x0000000791b00000, 0x0000000791a00000| Untracked 
| 283|0x0000000791b00000, 0x0000000791c00000, 0x0000000791c00000|100%| O|  |TAMS 0x0000000791c00000, 0x0000000791b00000| Untracked 
| 284|0x0000000791c00000, 0x0000000791d00000, 0x0000000791d00000|100%| O|  |TAMS 0x0000000791d00000, 0x0000000791c00000| Untracked 
| 285|0x0000000791d00000, 0x0000000791e00000, 0x0000000791e00000|100%| O|  |TAMS 0x0000000791e00000, 0x0000000791d00000| Untracked 
| 286|0x0000000791e00000, 0x0000000791f00000, 0x0000000791f00000|100%| O|  |TAMS 0x0000000791f00000, 0x0000000791e00000| Untracked 
| 287|0x0000000791f00000, 0x0000000792000000, 0x0000000792000000|100%| O|  |TAMS 0x0000000792000000, 0x0000000791f00000| Untracked 
| 288|0x0000000792000000, 0x0000000792100000, 0x0000000792100000|100%| O|  |TAMS 0x0000000792100000, 0x0000000792000000| Untracked 
| 289|0x0000000792100000, 0x0000000792200000, 0x0000000792200000|100%| O|  |TAMS 0x0000000792200000, 0x0000000792100000| Untracked 
| 290|0x0000000792200000, 0x0000000792300000, 0x0000000792300000|100%| O|  |TAMS 0x0000000792300000, 0x0000000792200000| Untracked 
| 291|0x0000000792300000, 0x0000000792400000, 0x0000000792400000|100%| O|  |TAMS 0x0000000792400000, 0x0000000792300000| Untracked 
| 292|0x0000000792400000, 0x0000000792500000, 0x0000000792500000|100%| O|  |TAMS 0x0000000792500000, 0x0000000792400000| Untracked 
| 293|0x0000000792500000, 0x0000000792600000, 0x0000000792600000|100%| O|  |TAMS 0x0000000792600000, 0x0000000792500000| Untracked 
| 294|0x0000000792600000, 0x0000000792700000, 0x0000000792700000|100%| O|  |TAMS 0x0000000792700000, 0x0000000792600000| Untracked 
| 295|0x0000000792700000, 0x0000000792800000, 0x0000000792800000|100%| O|  |TAMS 0x0000000792800000, 0x0000000792700000| Untracked 
| 296|0x0000000792800000, 0x0000000792900000, 0x0000000792900000|100%| O|  |TAMS 0x0000000792900000, 0x0000000792800000| Untracked 
| 297|0x0000000792900000, 0x0000000792a00000, 0x0000000792a00000|100%| O|  |TAMS 0x0000000792a00000, 0x0000000792900000| Untracked 
| 298|0x0000000792a00000, 0x0000000792b00000, 0x0000000792b00000|100%| O|  |TAMS 0x0000000792b00000, 0x0000000792a00000| Untracked 
| 299|0x0000000792b00000, 0x0000000792c00000, 0x0000000792c00000|100%|HS|  |TAMS 0x0000000792b00000, 0x0000000792b00000| Complete 
| 300|0x0000000792c00000, 0x0000000792d00000, 0x0000000792d00000|100%| O|  |TAMS 0x0000000792d00000, 0x0000000792c00000| Untracked 
| 301|0x0000000792d00000, 0x0000000792e00000, 0x0000000792e00000|100%| O|  |TAMS 0x0000000792e00000, 0x0000000792d00000| Untracked 
| 302|0x0000000792e00000, 0x0000000792f00000, 0x0000000792f00000|100%| O|  |TAMS 0x0000000792f00000, 0x0000000792e00000| Untracked 
| 303|0x0000000792f00000, 0x0000000793000000, 0x0000000793000000|100%| O|  |TAMS 0x0000000793000000, 0x0000000792f00000| Complete 
| 304|0x0000000793000000, 0x0000000793000000, 0x0000000793100000|  0%| F|  |TAMS 0x0000000793000000, 0x0000000793000000| Untracked 
| 305|0x0000000793100000, 0x0000000793200000, 0x0000000793200000|100%| O|  |TAMS 0x0000000793200000, 0x0000000793100000| Complete 
| 306|0x0000000793200000, 0x0000000793300000, 0x0000000793300000|100%| O|  |TAMS 0x0000000793300000, 0x0000000793200000| Untracked 
| 307|0x0000000793300000, 0x0000000793400000, 0x0000000793400000|100%| O|  |TAMS 0x0000000793400000, 0x0000000793300000| Untracked 
| 308|0x0000000793400000, 0x0000000793500000, 0x0000000793500000|100%| O|  |TAMS 0x0000000793500000, 0x0000000793400000| Untracked 
| 309|0x0000000793500000, 0x0000000793600000, 0x0000000793600000|100%| O|  |TAMS 0x0000000793600000, 0x0000000793500000| Untracked 
| 310|0x0000000793600000, 0x0000000793700000, 0x0000000793700000|100%| O|  |TAMS 0x0000000793700000, 0x0000000793600000| Untracked 
| 311|0x0000000793700000, 0x0000000793800000, 0x0000000793800000|100%| O|  |TAMS 0x0000000793800000, 0x0000000793700000| Untracked 
| 312|0x0000000793800000, 0x0000000793900000, 0x0000000793900000|100%| O|  |TAMS 0x0000000793900000, 0x0000000793800000| Untracked 
| 313|0x0000000793900000, 0x0000000793a00000, 0x0000000793a00000|100%| O|  |TAMS 0x0000000793a00000, 0x0000000793900000| Untracked 
| 314|0x0000000793a00000, 0x0000000793b00000, 0x0000000793b00000|100%| O|  |TAMS 0x0000000793b00000, 0x0000000793a00000| Untracked 
| 315|0x0000000793b00000, 0x0000000793c00000, 0x0000000793c00000|100%| O|  |TAMS 0x0000000793c00000, 0x0000000793b00000| Untracked 
| 316|0x0000000793c00000, 0x0000000793d00000, 0x0000000793d00000|100%| O|  |TAMS 0x0000000793d00000, 0x0000000793c00000| Untracked 
| 317|0x0000000793d00000, 0x0000000793e00000, 0x0000000793e00000|100%| O|  |TAMS 0x0000000793e00000, 0x0000000793d00000| Untracked 
| 318|0x0000000793e00000, 0x0000000793f00000, 0x0000000793f00000|100%| O|  |TAMS 0x0000000793f00000, 0x0000000793e00000| Untracked 
| 319|0x0000000793f00000, 0x0000000794000000, 0x0000000794000000|100%| O|  |TAMS 0x0000000794000000, 0x0000000793f00000| Complete 
| 320|0x0000000794000000, 0x0000000794100000, 0x0000000794100000|100%| O|  |TAMS 0x0000000794100000, 0x0000000794000000| Complete 
| 321|0x0000000794100000, 0x0000000794200000, 0x0000000794200000|100%| O|  |TAMS 0x0000000794200000, 0x0000000794100000| Untracked 
| 322|0x0000000794200000, 0x0000000794300000, 0x0000000794300000|100%| O|  |TAMS 0x0000000794300000, 0x0000000794200000| Complete 
| 323|0x0000000794300000, 0x0000000794400000, 0x0000000794400000|100%| O|  |TAMS 0x0000000794400000, 0x0000000794300000| Untracked 
| 324|0x0000000794400000, 0x0000000794400000, 0x0000000794500000|  0%| F|  |TAMS 0x0000000794400000, 0x0000000794400000| Untracked 
| 325|0x0000000794500000, 0x0000000794600000, 0x0000000794600000|100%| O|  |TAMS 0x0000000794600000, 0x0000000794500000| Untracked 
| 326|0x0000000794600000, 0x0000000794700000, 0x0000000794700000|100%| O|  |TAMS 0x0000000794700000, 0x0000000794600000| Untracked 
| 327|0x0000000794700000, 0x0000000794800000, 0x0000000794800000|100%| O|  |TAMS 0x0000000794800000, 0x0000000794700000| Untracked 
| 328|0x0000000794800000, 0x0000000794900000, 0x0000000794900000|100%| O|  |TAMS 0x0000000794900000, 0x0000000794800000| Untracked 
| 329|0x0000000794900000, 0x0000000794a00000, 0x0000000794a00000|100%| O|  |TAMS 0x0000000794a00000, 0x0000000794900000| Untracked 
| 330|0x0000000794a00000, 0x0000000794b00000, 0x0000000794b00000|100%| O|  |TAMS 0x0000000794b00000, 0x0000000794a00000| Untracked 
| 331|0x0000000794b00000, 0x0000000794c00000, 0x0000000794c00000|100%| O|  |TAMS 0x0000000794c00000, 0x0000000794b00000| Complete 
| 332|0x0000000794c00000, 0x0000000794d00000, 0x0000000794d00000|100%| O|  |TAMS 0x0000000794d00000, 0x0000000794c00000| Untracked 
| 333|0x0000000794d00000, 0x0000000794e00000, 0x0000000794e00000|100%| O|  |TAMS 0x0000000794e00000, 0x0000000794d00000| Complete 
| 334|0x0000000794e00000, 0x0000000794f00000, 0x0000000794f00000|100%| O|  |TAMS 0x0000000794f00000, 0x0000000794e00000| Complete 
| 335|0x0000000794f00000, 0x0000000794f00000, 0x0000000795000000|  0%| F|  |TAMS 0x0000000794f00000, 0x0000000794f00000| Untracked 
| 336|0x0000000795000000, 0x0000000795100000, 0x0000000795100000|100%| O|  |TAMS 0x0000000795100000, 0x0000000795000000| Untracked 
| 337|0x0000000795100000, 0x0000000795200000, 0x0000000795200000|100%| O|  |TAMS 0x0000000795200000, 0x0000000795100000| Untracked 
| 338|0x0000000795200000, 0x0000000795300000, 0x0000000795300000|100%| O|  |TAMS 0x0000000795300000, 0x0000000795200000| Complete 
| 339|0x0000000795300000, 0x0000000795300000, 0x0000000795400000|  0%| F|  |TAMS 0x0000000795300000, 0x0000000795300000| Untracked 
| 340|0x0000000795400000, 0x0000000795500000, 0x0000000795500000|100%| O|  |TAMS 0x0000000795500000, 0x0000000795400000| Untracked 
| 341|0x0000000795500000, 0x0000000795500000, 0x0000000795600000|  0%| F|  |TAMS 0x0000000795500000, 0x0000000795500000| Untracked 
| 342|0x0000000795600000, 0x0000000795700000, 0x0000000795700000|100%| O|  |TAMS 0x0000000795700000, 0x0000000795600000| Untracked 
| 343|0x0000000795700000, 0x0000000795800000, 0x0000000795800000|100%| O|  |TAMS 0x0000000795800000, 0x0000000795700000| Untracked 
| 344|0x0000000795800000, 0x0000000795900000, 0x0000000795900000|100%| O|  |TAMS 0x0000000795900000, 0x0000000795800000| Untracked 
| 345|0x0000000795900000, 0x0000000795900000, 0x0000000795a00000|  0%| F|  |TAMS 0x0000000795900000, 0x0000000795900000| Untracked 
| 346|0x0000000795a00000, 0x0000000795b00000, 0x0000000795b00000|100%| O|  |TAMS 0x0000000795b00000, 0x0000000795a00000| Untracked 
| 347|0x0000000795b00000, 0x0000000795c00000, 0x0000000795c00000|100%|HS|  |TAMS 0x0000000795b00000, 0x0000000795b00000| Complete 
| 348|0x0000000795c00000, 0x0000000795d00000, 0x0000000795d00000|100%|HC|  |TAMS 0x0000000795c00000, 0x0000000795c00000| Complete 
| 349|0x0000000795d00000, 0x0000000795e00000, 0x0000000795e00000|100%| O|  |TAMS 0x0000000795e00000, 0x0000000795d00000| Untracked 
| 350|0x0000000795e00000, 0x0000000795f00000, 0x0000000795f00000|100%| O|  |TAMS 0x0000000795f00000, 0x0000000795e00000| Untracked 
| 351|0x0000000795f00000, 0x0000000796000000, 0x0000000796000000|100%| O|  |TAMS 0x0000000796000000, 0x0000000795f00000| Untracked 
| 352|0x0000000796000000, 0x0000000796100000, 0x0000000796100000|100%| O|  |TAMS 0x0000000796100000, 0x0000000796000000| Untracked 
| 353|0x0000000796100000, 0x0000000796200000, 0x0000000796200000|100%| O|  |TAMS 0x0000000796200000, 0x0000000796100000| Untracked 
| 354|0x0000000796200000, 0x000000079624da00, 0x0000000796300000| 30%| O|  |TAMS 0x000000079624da00, 0x0000000796200000| Complete 
| 355|0x0000000796300000, 0x0000000796400000, 0x0000000796400000|100%| O|  |TAMS 0x0000000796400000, 0x0000000796300000| Untracked 
| 356|0x0000000796400000, 0x0000000796500000, 0x0000000796500000|100%| O|  |TAMS 0x0000000796500000, 0x0000000796400000| Untracked 
| 357|0x0000000796500000, 0x0000000796600000, 0x0000000796600000|100%| O|  |TAMS 0x0000000796600000, 0x0000000796500000| Untracked 
| 358|0x0000000796600000, 0x0000000796700000, 0x0000000796700000|100%| O|  |TAMS 0x0000000796700000, 0x0000000796600000| Untracked 
| 359|0x0000000796700000, 0x0000000796800000, 0x0000000796800000|100%| O|  |TAMS 0x0000000796800000, 0x0000000796700000| Untracked 
| 360|0x0000000796800000, 0x0000000796900000, 0x0000000796900000|100%| O|  |TAMS 0x0000000796900000, 0x0000000796800000| Untracked 
| 361|0x0000000796900000, 0x0000000796a00000, 0x0000000796a00000|100%| O|  |TAMS 0x0000000796a00000, 0x0000000796900000| Untracked 
| 362|0x0000000796a00000, 0x0000000796b00000, 0x0000000796b00000|100%| O|  |TAMS 0x0000000796b00000, 0x0000000796a00000| Untracked 
| 363|0x0000000796b00000, 0x0000000796c00000, 0x0000000796c00000|100%| O|  |TAMS 0x0000000796c00000, 0x0000000796b00000| Untracked 
| 364|0x0000000796c00000, 0x0000000796d00000, 0x0000000796d00000|100%| O|  |TAMS 0x0000000796d00000, 0x0000000796c00000| Untracked 
| 365|0x0000000796d00000, 0x0000000796e00000, 0x0000000796e00000|100%| O|  |TAMS 0x0000000796e00000, 0x0000000796d00000| Complete 
| 366|0x0000000796e00000, 0x0000000796f00000, 0x0000000796f00000|100%| O|  |TAMS 0x0000000796f00000, 0x0000000796e00000| Untracked 
| 367|0x0000000796f00000, 0x0000000797000000, 0x0000000797000000|100%| O|  |TAMS 0x0000000797000000, 0x0000000796f00000| Untracked 
| 368|0x0000000797000000, 0x0000000797100000, 0x0000000797100000|100%|HS|  |TAMS 0x0000000797000000, 0x0000000797000000| Complete 
| 369|0x0000000797100000, 0x0000000797200000, 0x0000000797200000|100%|HC|  |TAMS 0x0000000797100000, 0x0000000797100000| Complete 
| 370|0x0000000797200000, 0x0000000797300000, 0x0000000797300000|100%| O|  |TAMS 0x0000000797300000, 0x0000000797200000| Untracked 
| 371|0x0000000797300000, 0x0000000797400000, 0x0000000797400000|100%| O|  |TAMS 0x0000000797400000, 0x0000000797300000| Untracked 
| 372|0x0000000797400000, 0x0000000797400000, 0x0000000797500000|  0%| F|  |TAMS 0x0000000797400000, 0x0000000797400000| Untracked 
| 373|0x0000000797500000, 0x0000000797600000, 0x0000000797600000|100%| O|  |TAMS 0x0000000797600000, 0x0000000797500000| Untracked 
| 374|0x0000000797600000, 0x0000000797700000, 0x0000000797700000|100%| O|  |TAMS 0x0000000797700000, 0x0000000797600000| Untracked 
| 375|0x0000000797700000, 0x0000000797700000, 0x0000000797800000|  0%| F|  |TAMS 0x0000000797700000, 0x0000000797700000| Untracked 
| 376|0x0000000797800000, 0x0000000797900000, 0x0000000797900000|100%| O|  |TAMS 0x0000000797900000, 0x0000000797800000| Untracked 
| 377|0x0000000797900000, 0x0000000797a00000, 0x0000000797a00000|100%| O|  |TAMS 0x0000000797a00000, 0x0000000797900000| Untracked 
| 378|0x0000000797a00000, 0x0000000797b00000, 0x0000000797b00000|100%| O|  |TAMS 0x0000000797b00000, 0x0000000797a00000| Complete 
| 379|0x0000000797b00000, 0x0000000797c00000, 0x0000000797c00000|100%| O|  |TAMS 0x0000000797c00000, 0x0000000797b00000| Complete 
| 380|0x0000000797c00000, 0x0000000797d00000, 0x0000000797d00000|100%| O|  |TAMS 0x0000000797d00000, 0x0000000797c00000| Complete 
| 381|0x0000000797d00000, 0x0000000797e00000, 0x0000000797e00000|100%| O|  |TAMS 0x0000000797e00000, 0x0000000797d00000| Complete 
| 382|0x0000000797e00000, 0x0000000797e00000, 0x0000000797f00000|  0%| F|  |TAMS 0x0000000797e00000, 0x0000000797e00000| Untracked 
| 383|0x0000000797f00000, 0x0000000798000000, 0x0000000798000000|100%| O|  |TAMS 0x0000000798000000, 0x0000000797f00000| Complete 
| 384|0x0000000798000000, 0x0000000798100000, 0x0000000798100000|100%| O|  |TAMS 0x0000000798100000, 0x0000000798000000| Untracked 
| 385|0x0000000798100000, 0x0000000798200000, 0x0000000798200000|100%| O|  |TAMS 0x0000000798200000, 0x0000000798100000| Untracked 
| 386|0x0000000798200000, 0x0000000798300000, 0x0000000798300000|100%| O|  |TAMS 0x0000000798300000, 0x0000000798200000| Complete 
| 387|0x0000000798300000, 0x0000000798300000, 0x0000000798400000|  0%| F|  |TAMS 0x0000000798300000, 0x0000000798300000| Untracked 
| 388|0x0000000798400000, 0x0000000798500000, 0x0000000798500000|100%| O|  |TAMS 0x0000000798500000, 0x0000000798400000| Untracked 
| 389|0x0000000798500000, 0x0000000798600000, 0x0000000798600000|100%| O|  |TAMS 0x0000000798600000, 0x0000000798500000| Untracked 
| 390|0x0000000798600000, 0x0000000798600000, 0x0000000798700000|  0%| F|  |TAMS 0x0000000798600000, 0x0000000798600000| Untracked 
| 391|0x0000000798700000, 0x0000000798800000, 0x0000000798800000|100%| O|  |TAMS 0x0000000798800000, 0x0000000798700000| Untracked 
| 392|0x0000000798800000, 0x0000000798900000, 0x0000000798900000|100%|HS|  |TAMS 0x0000000798800000, 0x0000000798800000| Complete 
| 393|0x0000000798900000, 0x0000000798a00000, 0x0000000798a00000|100%|HC|  |TAMS 0x0000000798900000, 0x0000000798900000| Complete 
| 394|0x0000000798a00000, 0x0000000798b00000, 0x0000000798b00000|100%|HS|  |TAMS 0x0000000798a00000, 0x0000000798a00000| Complete 
| 395|0x0000000798b00000, 0x0000000798c00000, 0x0000000798c00000|100%|HC|  |TAMS 0x0000000798b00000, 0x0000000798b00000| Complete 
| 396|0x0000000798c00000, 0x0000000798c00000, 0x0000000798d00000|  0%| F|  |TAMS 0x0000000798c00000, 0x0000000798c00000| Untracked 
| 397|0x0000000798d00000, 0x0000000798e00000, 0x0000000798e00000|100%| O|  |TAMS 0x0000000798e00000, 0x0000000798d00000| Untracked 
| 398|0x0000000798e00000, 0x0000000798f00000, 0x0000000798f00000|100%|HS|  |TAMS 0x0000000798e00000, 0x0000000798e00000| Complete 
| 399|0x0000000798f00000, 0x0000000799000000, 0x0000000799000000|100%|HC|  |TAMS 0x0000000798f00000, 0x0000000798f00000| Complete 
| 400|0x0000000799000000, 0x0000000799000000, 0x0000000799100000|  0%| F|  |TAMS 0x0000000799000000, 0x0000000799000000| Untracked 
| 401|0x0000000799100000, 0x0000000799100000, 0x0000000799200000|  0%| F|  |TAMS 0x0000000799100000, 0x0000000799100000| Untracked 
| 402|0x0000000799200000, 0x0000000799300000, 0x0000000799300000|100%| O|  |TAMS 0x0000000799300000, 0x0000000799200000| Untracked 
| 403|0x0000000799300000, 0x0000000799400000, 0x0000000799400000|100%| O|  |TAMS 0x0000000799400000, 0x0000000799300000| Untracked 
| 404|0x0000000799400000, 0x0000000799400000, 0x0000000799500000|  0%| F|  |TAMS 0x0000000799400000, 0x0000000799400000| Untracked 
| 405|0x0000000799500000, 0x0000000799600000, 0x0000000799600000|100%| O|  |TAMS 0x0000000799600000, 0x0000000799500000| Untracked 
| 406|0x0000000799600000, 0x0000000799700000, 0x0000000799700000|100%| O|  |TAMS 0x0000000799700000, 0x0000000799600000| Untracked 
| 407|0x0000000799700000, 0x0000000799800000, 0x0000000799800000|100%| O|  |TAMS 0x0000000799800000, 0x0000000799700000| Untracked 
| 408|0x0000000799800000, 0x0000000799800000, 0x0000000799900000|  0%| F|  |TAMS 0x0000000799800000, 0x0000000799800000| Untracked 
| 409|0x0000000799900000, 0x0000000799a00000, 0x0000000799a00000|100%| O|  |TAMS 0x0000000799a00000, 0x0000000799900000| Untracked 
| 410|0x0000000799a00000, 0x0000000799b00000, 0x0000000799b00000|100%| O|  |TAMS 0x0000000799b00000, 0x0000000799a00000| Untracked 
| 411|0x0000000799b00000, 0x0000000799c00000, 0x0000000799c00000|100%| O|  |TAMS 0x0000000799c00000, 0x0000000799b00000| Untracked 
| 412|0x0000000799c00000, 0x0000000799c00000, 0x0000000799d00000|  0%| F|  |TAMS 0x0000000799c00000, 0x0000000799c00000| Untracked 
| 413|0x0000000799d00000, 0x0000000799d00000, 0x0000000799e00000|  0%| F|  |TAMS 0x0000000799d00000, 0x0000000799d00000| Untracked 
| 414|0x0000000799e00000, 0x0000000799f00000, 0x0000000799f00000|100%| O|  |TAMS 0x0000000799f00000, 0x0000000799e00000| Untracked 
| 415|0x0000000799f00000, 0x0000000799f00000, 0x000000079a000000|  0%| F|  |TAMS 0x0000000799f00000, 0x0000000799f00000| Untracked 
| 416|0x000000079a000000, 0x000000079a000000, 0x000000079a100000|  0%| F|  |TAMS 0x000000079a000000, 0x000000079a000000| Untracked 
| 417|0x000000079a100000, 0x000000079a100000, 0x000000079a200000|  0%| F|  |TAMS 0x000000079a100000, 0x000000079a100000| Untracked 
| 418|0x000000079a200000, 0x000000079a200000, 0x000000079a300000|  0%| F|  |TAMS 0x000000079a200000, 0x000000079a200000| Untracked 
| 419|0x000000079a300000, 0x000000079a400000, 0x000000079a400000|100%| O|  |TAMS 0x000000079a400000, 0x000000079a300000| Untracked 
| 420|0x000000079a400000, 0x000000079a500000, 0x000000079a500000|100%| O|  |TAMS 0x000000079a500000, 0x000000079a400000| Untracked 
| 421|0x000000079a500000, 0x000000079a500000, 0x000000079a600000|  0%| F|  |TAMS 0x000000079a500000, 0x000000079a500000| Untracked 
| 422|0x000000079a600000, 0x000000079a600000, 0x000000079a700000|  0%| F|  |TAMS 0x000000079a600000, 0x000000079a600000| Untracked 
| 423|0x000000079a700000, 0x000000079a700000, 0x000000079a800000|  0%| F|  |TAMS 0x000000079a700000, 0x000000079a700000| Untracked 
| 424|0x000000079a800000, 0x000000079a900000, 0x000000079a900000|100%| O|  |TAMS 0x000000079a900000, 0x000000079a800000| Untracked 
| 425|0x000000079a900000, 0x000000079a900000, 0x000000079aa00000|  0%| F|  |TAMS 0x000000079a900000, 0x000000079a900000| Untracked 
| 426|0x000000079aa00000, 0x000000079aa00000, 0x000000079ab00000|  0%| F|  |TAMS 0x000000079aa00000, 0x000000079aa00000| Untracked 
| 427|0x000000079ab00000, 0x000000079ac00000, 0x000000079ac00000|100%| O|  |TAMS 0x000000079ac00000, 0x000000079ab00000| Untracked 
| 428|0x000000079ac00000, 0x000000079ac00000, 0x000000079ad00000|  0%| F|  |TAMS 0x000000079ac00000, 0x000000079ac00000| Untracked 
| 429|0x000000079ad00000, 0x000000079ad00000, 0x000000079ae00000|  0%| F|  |TAMS 0x000000079ad00000, 0x000000079ad00000| Untracked 
| 430|0x000000079ae00000, 0x000000079ae00000, 0x000000079af00000|  0%| F|  |TAMS 0x000000079ae00000, 0x000000079ae00000| Untracked 
| 431|0x000000079af00000, 0x000000079af00000, 0x000000079b000000|  0%| F|  |TAMS 0x000000079af00000, 0x000000079af00000| Untracked 
| 432|0x000000079b000000, 0x000000079b000000, 0x000000079b100000|  0%| F|  |TAMS 0x000000079b000000, 0x000000079b000000| Untracked 
| 433|0x000000079b100000, 0x000000079b100000, 0x000000079b200000|  0%| F|  |TAMS 0x000000079b100000, 0x000000079b100000| Untracked 
| 434|0x000000079b200000, 0x000000079b200000, 0x000000079b300000|  0%| F|  |TAMS 0x000000079b200000, 0x000000079b200000| Untracked 
| 435|0x000000079b300000, 0x000000079b300000, 0x000000079b400000|  0%| F|  |TAMS 0x000000079b300000, 0x000000079b300000| Untracked 
| 436|0x000000079b400000, 0x000000079b400000, 0x000000079b500000|  0%| F|  |TAMS 0x000000079b400000, 0x000000079b400000| Untracked 
| 437|0x000000079b500000, 0x000000079b500000, 0x000000079b600000|  0%| F|  |TAMS 0x000000079b500000, 0x000000079b500000| Untracked 
| 438|0x000000079b600000, 0x000000079b600000, 0x000000079b700000|  0%| F|  |TAMS 0x000000079b600000, 0x000000079b600000| Untracked 
| 439|0x000000079b700000, 0x000000079b700000, 0x000000079b800000|  0%| F|  |TAMS 0x000000079b700000, 0x000000079b700000| Untracked 
| 440|0x000000079b800000, 0x000000079b800000, 0x000000079b900000|  0%| F|  |TAMS 0x000000079b800000, 0x000000079b800000| Untracked 
| 441|0x000000079b900000, 0x000000079b900000, 0x000000079ba00000|  0%| F|  |TAMS 0x000000079b900000, 0x000000079b900000| Untracked 
| 442|0x000000079ba00000, 0x000000079ba00000, 0x000000079bb00000|  0%| F|  |TAMS 0x000000079ba00000, 0x000000079ba00000| Untracked 
| 443|0x000000079bb00000, 0x000000079bb00000, 0x000000079bc00000|  0%| F|  |TAMS 0x000000079bb00000, 0x000000079bb00000| Untracked 
| 444|0x000000079bc00000, 0x000000079bc00000, 0x000000079bd00000|  0%| F|  |TAMS 0x000000079bc00000, 0x000000079bc00000| Untracked 
| 445|0x000000079bd00000, 0x000000079bd00000, 0x000000079be00000|  0%| F|  |TAMS 0x000000079bd00000, 0x000000079bd00000| Untracked 
| 446|0x000000079be00000, 0x000000079be00000, 0x000000079bf00000|  0%| F|  |TAMS 0x000000079be00000, 0x000000079be00000| Untracked 
| 447|0x000000079bf00000, 0x000000079bf00000, 0x000000079c000000|  0%| F|  |TAMS 0x000000079bf00000, 0x000000079bf00000| Untracked 
| 448|0x000000079c000000, 0x000000079c000000, 0x000000079c100000|  0%| F|  |TAMS 0x000000079c000000, 0x000000079c000000| Untracked 
| 449|0x000000079c100000, 0x000000079c200000, 0x000000079c200000|100%| O|  |TAMS 0x000000079c200000, 0x000000079c100000| Untracked 
| 450|0x000000079c200000, 0x000000079c200000, 0x000000079c300000|  0%| F|  |TAMS 0x000000079c200000, 0x000000079c200000| Untracked 
| 451|0x000000079c300000, 0x000000079c300000, 0x000000079c400000|  0%| F|  |TAMS 0x000000079c300000, 0x000000079c300000| Untracked 
| 452|0x000000079c400000, 0x000000079c400000, 0x000000079c500000|  0%| F|  |TAMS 0x000000079c400000, 0x000000079c400000| Untracked 
| 453|0x000000079c500000, 0x000000079c500000, 0x000000079c600000|  0%| F|  |TAMS 0x000000079c500000, 0x000000079c500000| Untracked 
| 454|0x000000079c600000, 0x000000079c600000, 0x000000079c700000|  0%| F|  |TAMS 0x000000079c600000, 0x000000079c600000| Untracked 
| 455|0x000000079c700000, 0x000000079c700000, 0x000000079c800000|  0%| F|  |TAMS 0x000000079c700000, 0x000000079c700000| Untracked 
| 456|0x000000079c800000, 0x000000079c800000, 0x000000079c900000|  0%| F|  |TAMS 0x000000079c800000, 0x000000079c800000| Untracked 
| 457|0x000000079c900000, 0x000000079c900000, 0x000000079ca00000|  0%| F|  |TAMS 0x000000079c900000, 0x000000079c900000| Untracked 
| 458|0x000000079ca00000, 0x000000079ca00000, 0x000000079cb00000|  0%| F|  |TAMS 0x000000079ca00000, 0x000000079ca00000| Untracked 
| 459|0x000000079cb00000, 0x000000079cb00000, 0x000000079cc00000|  0%| F|  |TAMS 0x000000079cb00000, 0x000000079cb00000| Untracked 
| 460|0x000000079cc00000, 0x000000079cc00000, 0x000000079cd00000|  0%| F|  |TAMS 0x000000079cc00000, 0x000000079cc00000| Untracked 
| 461|0x000000079cd00000, 0x000000079cd00000, 0x000000079ce00000|  0%| F|  |TAMS 0x000000079cd00000, 0x000000079cd00000| Untracked 
| 462|0x000000079ce00000, 0x000000079ce00000, 0x000000079cf00000|  0%| F|  |TAMS 0x000000079ce00000, 0x000000079ce00000| Untracked 
| 463|0x000000079cf00000, 0x000000079cf00000, 0x000000079d000000|  0%| F|  |TAMS 0x000000079cf00000, 0x000000079cf00000| Untracked 
| 464|0x000000079d000000, 0x000000079d000000, 0x000000079d100000|  0%| F|  |TAMS 0x000000079d000000, 0x000000079d000000| Untracked 
| 465|0x000000079d100000, 0x000000079d100000, 0x000000079d200000|  0%| F|  |TAMS 0x000000079d100000, 0x000000079d100000| Untracked 
| 466|0x000000079d200000, 0x000000079d200000, 0x000000079d300000|  0%| F|  |TAMS 0x000000079d200000, 0x000000079d200000| Untracked 
| 467|0x000000079d300000, 0x000000079d300000, 0x000000079d400000|  0%| F|  |TAMS 0x000000079d300000, 0x000000079d300000| Untracked 
| 468|0x000000079d400000, 0x000000079d400000, 0x000000079d500000|  0%| F|  |TAMS 0x000000079d400000, 0x000000079d400000| Untracked 
| 469|0x000000079d500000, 0x000000079d500000, 0x000000079d600000|  0%| F|  |TAMS 0x000000079d500000, 0x000000079d500000| Untracked 
| 470|0x000000079d600000, 0x000000079d600000, 0x000000079d700000|  0%| F|  |TAMS 0x000000079d600000, 0x000000079d600000| Untracked 
| 471|0x000000079d700000, 0x000000079d700000, 0x000000079d800000|  0%| F|  |TAMS 0x000000079d700000, 0x000000079d700000| Untracked 
| 472|0x000000079d800000, 0x000000079d800000, 0x000000079d900000|  0%| F|  |TAMS 0x000000079d800000, 0x000000079d800000| Untracked 
| 473|0x000000079d900000, 0x000000079d900000, 0x000000079da00000|  0%| F|  |TAMS 0x000000079d900000, 0x000000079d900000| Untracked 
| 474|0x000000079da00000, 0x000000079da00000, 0x000000079db00000|  0%| F|  |TAMS 0x000000079da00000, 0x000000079da00000| Untracked 
| 475|0x000000079db00000, 0x000000079db00000, 0x000000079dc00000|  0%| F|  |TAMS 0x000000079db00000, 0x000000079db00000| Untracked 
| 476|0x000000079dc00000, 0x000000079dc00000, 0x000000079dd00000|  0%| F|  |TAMS 0x000000079dc00000, 0x000000079dc00000| Untracked 
| 477|0x000000079dd00000, 0x000000079dd00000, 0x000000079de00000|  0%| F|  |TAMS 0x000000079dd00000, 0x000000079dd00000| Untracked 
| 478|0x000000079de00000, 0x000000079de00000, 0x000000079df00000|  0%| F|  |TAMS 0x000000079de00000, 0x000000079de00000| Untracked 
| 479|0x000000079df00000, 0x000000079df00000, 0x000000079e000000|  0%| F|  |TAMS 0x000000079df00000, 0x000000079df00000| Untracked 
| 480|0x000000079e000000, 0x000000079e000000, 0x000000079e100000|  0%| F|  |TAMS 0x000000079e000000, 0x000000079e000000| Untracked 
| 481|0x000000079e100000, 0x000000079e100000, 0x000000079e200000|  0%| F|  |TAMS 0x000000079e100000, 0x000000079e100000| Untracked 
| 482|0x000000079e200000, 0x000000079e200000, 0x000000079e300000|  0%| F|  |TAMS 0x000000079e200000, 0x000000079e200000| Untracked 
| 483|0x000000079e300000, 0x000000079e300000, 0x000000079e400000|  0%| F|  |TAMS 0x000000079e300000, 0x000000079e300000| Untracked 
| 484|0x000000079e400000, 0x000000079e400000, 0x000000079e500000|  0%| F|  |TAMS 0x000000079e400000, 0x000000079e400000| Untracked 
| 485|0x000000079e500000, 0x000000079e500000, 0x000000079e600000|  0%| F|  |TAMS 0x000000079e500000, 0x000000079e500000| Untracked 
| 486|0x000000079e600000, 0x000000079e600000, 0x000000079e700000|  0%| F|  |TAMS 0x000000079e600000, 0x000000079e600000| Untracked 
| 487|0x000000079e700000, 0x000000079e700000, 0x000000079e800000|  0%| F|  |TAMS 0x000000079e700000, 0x000000079e700000| Untracked 
| 488|0x000000079e800000, 0x000000079e800000, 0x000000079e900000|  0%| F|  |TAMS 0x000000079e800000, 0x000000079e800000| Untracked 
| 489|0x000000079e900000, 0x000000079e900000, 0x000000079ea00000|  0%| F|  |TAMS 0x000000079e900000, 0x000000079e900000| Untracked 
| 490|0x000000079ea00000, 0x000000079ea00000, 0x000000079eb00000|  0%| F|  |TAMS 0x000000079ea00000, 0x000000079ea00000| Untracked 
| 491|0x000000079eb00000, 0x000000079eb00000, 0x000000079ec00000|  0%| F|  |TAMS 0x000000079eb00000, 0x000000079eb00000| Untracked 
| 492|0x000000079ec00000, 0x000000079ec00000, 0x000000079ed00000|  0%| F|  |TAMS 0x000000079ec00000, 0x000000079ec00000| Untracked 
| 493|0x000000079ed00000, 0x000000079ed00000, 0x000000079ee00000|  0%| F|  |TAMS 0x000000079ed00000, 0x000000079ed00000| Untracked 
| 494|0x000000079ee00000, 0x000000079ee00000, 0x000000079ef00000|  0%| F|  |TAMS 0x000000079ee00000, 0x000000079ee00000| Untracked 
| 495|0x000000079ef00000, 0x000000079ef00000, 0x000000079f000000|  0%| F|  |TAMS 0x000000079ef00000, 0x000000079ef00000| Untracked 
| 496|0x000000079f000000, 0x000000079f100000, 0x000000079f100000|100%| O|  |TAMS 0x000000079f100000, 0x000000079f000000| Untracked 
| 497|0x000000079f100000, 0x000000079f100000, 0x000000079f200000|  0%| F|  |TAMS 0x000000079f100000, 0x000000079f100000| Untracked 
| 498|0x000000079f200000, 0x000000079f200000, 0x000000079f300000|  0%| F|  |TAMS 0x000000079f200000, 0x000000079f200000| Untracked 
| 499|0x000000079f300000, 0x000000079f300000, 0x000000079f400000|  0%| F|  |TAMS 0x000000079f300000, 0x000000079f300000| Untracked 
| 500|0x000000079f400000, 0x000000079f400000, 0x000000079f500000|  0%| F|  |TAMS 0x000000079f400000, 0x000000079f400000| Untracked 
| 501|0x000000079f500000, 0x000000079f500000, 0x000000079f600000|  0%| F|  |TAMS 0x000000079f500000, 0x000000079f500000| Untracked 
| 502|0x000000079f600000, 0x000000079f600000, 0x000000079f700000|  0%| F|  |TAMS 0x000000079f600000, 0x000000079f600000| Untracked 
| 503|0x000000079f700000, 0x000000079f700000, 0x000000079f800000|  0%| F|  |TAMS 0x000000079f700000, 0x000000079f700000| Untracked 
| 504|0x000000079f800000, 0x000000079f800000, 0x000000079f900000|  0%| F|  |TAMS 0x000000079f800000, 0x000000079f800000| Untracked 
| 505|0x000000079f900000, 0x000000079f900000, 0x000000079fa00000|  0%| F|  |TAMS 0x000000079f900000, 0x000000079f900000| Untracked 
| 506|0x000000079fa00000, 0x000000079fa00000, 0x000000079fb00000|  0%| F|  |TAMS 0x000000079fa00000, 0x000000079fa00000| Untracked 
| 507|0x000000079fb00000, 0x000000079fb00000, 0x000000079fc00000|  0%| F|  |TAMS 0x000000079fb00000, 0x000000079fb00000| Untracked 
| 508|0x000000079fc00000, 0x000000079fc00000, 0x000000079fd00000|  0%| F|  |TAMS 0x000000079fc00000, 0x000000079fc00000| Untracked 
| 509|0x000000079fd00000, 0x000000079fd00000, 0x000000079fe00000|  0%| F|  |TAMS 0x000000079fd00000, 0x000000079fd00000| Untracked 
| 510|0x000000079fe00000, 0x000000079fe00000, 0x000000079ff00000|  0%| F|  |TAMS 0x000000079fe00000, 0x000000079fe00000| Untracked 
| 511|0x000000079ff00000, 0x00000007a0000000, 0x00000007a0000000|100%| O|  |TAMS 0x00000007a0000000, 0x000000079ff00000| Complete 
| 512|0x00000007a0000000, 0x00000007a0100000, 0x00000007a0100000|100%| O|  |TAMS 0x00000007a0100000, 0x00000007a0000000| Untracked 
| 513|0x00000007a0100000, 0x00000007a0100000, 0x00000007a0200000|  0%| F|  |TAMS 0x00000007a0100000, 0x00000007a0100000| Untracked 
| 514|0x00000007a0200000, 0x00000007a0200000, 0x00000007a0300000|  0%| F|  |TAMS 0x00000007a0200000, 0x00000007a0200000| Untracked 
| 515|0x00000007a0300000, 0x00000007a0300000, 0x00000007a0400000|  0%| F|  |TAMS 0x00000007a0300000, 0x00000007a0300000| Untracked 
| 516|0x00000007a0400000, 0x00000007a0400000, 0x00000007a0500000|  0%| F|  |TAMS 0x00000007a0400000, 0x00000007a0400000| Untracked 
| 517|0x00000007a0500000, 0x00000007a0500000, 0x00000007a0600000|  0%| F|  |TAMS 0x00000007a0500000, 0x00000007a0500000| Untracked 
| 518|0x00000007a0600000, 0x00000007a0600000, 0x00000007a0700000|  0%| F|  |TAMS 0x00000007a0600000, 0x00000007a0600000| Untracked 
| 519|0x00000007a0700000, 0x00000007a0700000, 0x00000007a0800000|  0%| F|  |TAMS 0x00000007a0700000, 0x00000007a0700000| Untracked 
| 520|0x00000007a0800000, 0x00000007a0800000, 0x00000007a0900000|  0%| F|  |TAMS 0x00000007a0800000, 0x00000007a0800000| Untracked 
| 521|0x00000007a0900000, 0x00000007a0900000, 0x00000007a0a00000|  0%| F|  |TAMS 0x00000007a0900000, 0x00000007a0900000| Untracked 
| 522|0x00000007a0a00000, 0x00000007a0a00000, 0x00000007a0b00000|  0%| F|  |TAMS 0x00000007a0a00000, 0x00000007a0a00000| Untracked 
| 523|0x00000007a0b00000, 0x00000007a0b00000, 0x00000007a0c00000|  0%| F|  |TAMS 0x00000007a0b00000, 0x00000007a0b00000| Untracked 
| 524|0x00000007a0c00000, 0x00000007a0c00000, 0x00000007a0d00000|  0%| F|  |TAMS 0x00000007a0c00000, 0x00000007a0c00000| Untracked 
| 525|0x00000007a0d00000, 0x00000007a0d00000, 0x00000007a0e00000|  0%| F|  |TAMS 0x00000007a0d00000, 0x00000007a0d00000| Untracked 
| 526|0x00000007a0e00000, 0x00000007a0e00000, 0x00000007a0f00000|  0%| F|  |TAMS 0x00000007a0e00000, 0x00000007a0e00000| Untracked 
| 527|0x00000007a0f00000, 0x00000007a0f00000, 0x00000007a1000000|  0%| F|  |TAMS 0x00000007a0f00000, 0x00000007a0f00000| Untracked 
| 528|0x00000007a1000000, 0x00000007a1000000, 0x00000007a1100000|  0%| F|  |TAMS 0x00000007a1000000, 0x00000007a1000000| Untracked 
| 529|0x00000007a1100000, 0x00000007a1100000, 0x00000007a1200000|  0%| F|  |TAMS 0x00000007a1100000, 0x00000007a1100000| Untracked 
| 530|0x00000007a1200000, 0x00000007a1200000, 0x00000007a1300000|  0%| F|  |TAMS 0x00000007a1200000, 0x00000007a1200000| Untracked 
| 531|0x00000007a1300000, 0x00000007a1300000, 0x00000007a1400000|  0%| F|  |TAMS 0x00000007a1300000, 0x00000007a1300000| Untracked 
| 532|0x00000007a1400000, 0x00000007a1400000, 0x00000007a1500000|  0%| F|  |TAMS 0x00000007a1400000, 0x00000007a1400000| Untracked 
| 533|0x00000007a1500000, 0x00000007a1500000, 0x00000007a1600000|  0%| F|  |TAMS 0x00000007a1500000, 0x00000007a1500000| Untracked 
| 534|0x00000007a1600000, 0x00000007a1600000, 0x00000007a1700000|  0%| F|  |TAMS 0x00000007a1600000, 0x00000007a1600000| Untracked 
| 535|0x00000007a1700000, 0x00000007a1700000, 0x00000007a1800000|  0%| F|  |TAMS 0x00000007a1700000, 0x00000007a1700000| Untracked 
| 536|0x00000007a1800000, 0x00000007a1800000, 0x00000007a1900000|  0%| F|  |TAMS 0x00000007a1800000, 0x00000007a1800000| Untracked 
| 537|0x00000007a1900000, 0x00000007a1900000, 0x00000007a1a00000|  0%| F|  |TAMS 0x00000007a1900000, 0x00000007a1900000| Untracked 
| 538|0x00000007a1a00000, 0x00000007a1a00000, 0x00000007a1b00000|  0%| F|  |TAMS 0x00000007a1a00000, 0x00000007a1a00000| Untracked 
| 539|0x00000007a1b00000, 0x00000007a1b00000, 0x00000007a1c00000|  0%| F|  |TAMS 0x00000007a1b00000, 0x00000007a1b00000| Untracked 
| 540|0x00000007a1c00000, 0x00000007a1c00000, 0x00000007a1d00000|  0%| F|  |TAMS 0x00000007a1c00000, 0x00000007a1c00000| Untracked 
| 541|0x00000007a1d00000, 0x00000007a1d00000, 0x00000007a1e00000|  0%| F|  |TAMS 0x00000007a1d00000, 0x00000007a1d00000| Untracked 
| 542|0x00000007a1e00000, 0x00000007a1e00000, 0x00000007a1f00000|  0%| F|  |TAMS 0x00000007a1e00000, 0x00000007a1e00000| Untracked 
| 543|0x00000007a1f00000, 0x00000007a1f00000, 0x00000007a2000000|  0%| F|  |TAMS 0x00000007a1f00000, 0x00000007a1f00000| Untracked 
| 544|0x00000007a2000000, 0x00000007a2000000, 0x00000007a2100000|  0%| F|  |TAMS 0x00000007a2000000, 0x00000007a2000000| Untracked 
| 545|0x00000007a2100000, 0x00000007a2100000, 0x00000007a2200000|  0%| F|  |TAMS 0x00000007a2100000, 0x00000007a2100000| Untracked 
| 546|0x00000007a2200000, 0x00000007a2200000, 0x00000007a2300000|  0%| F|  |TAMS 0x00000007a2200000, 0x00000007a2200000| Untracked 
| 547|0x00000007a2300000, 0x00000007a2300000, 0x00000007a2400000|  0%| F|  |TAMS 0x00000007a2300000, 0x00000007a2300000| Untracked 
| 548|0x00000007a2400000, 0x00000007a2400000, 0x00000007a2500000|  0%| F|  |TAMS 0x00000007a2400000, 0x00000007a2400000| Untracked 
| 549|0x00000007a2500000, 0x00000007a2500000, 0x00000007a2600000|  0%| F|  |TAMS 0x00000007a2500000, 0x00000007a2500000| Untracked 
| 550|0x00000007a2600000, 0x00000007a2600000, 0x00000007a2700000|  0%| F|  |TAMS 0x00000007a2600000, 0x00000007a2600000| Untracked 
| 551|0x00000007a2700000, 0x00000007a2700000, 0x00000007a2800000|  0%| F|  |TAMS 0x00000007a2700000, 0x00000007a2700000| Untracked 
| 552|0x00000007a2800000, 0x00000007a2800000, 0x00000007a2900000|  0%| F|  |TAMS 0x00000007a2800000, 0x00000007a2800000| Untracked 
| 553|0x00000007a2900000, 0x00000007a2900000, 0x00000007a2a00000|  0%| F|  |TAMS 0x00000007a2900000, 0x00000007a2900000| Untracked 
| 554|0x00000007a2a00000, 0x00000007a2a00000, 0x00000007a2b00000|  0%| F|  |TAMS 0x00000007a2a00000, 0x00000007a2a00000| Untracked 
| 555|0x00000007a2b00000, 0x00000007a2b00000, 0x00000007a2c00000|  0%| F|  |TAMS 0x00000007a2b00000, 0x00000007a2b00000| Untracked 
| 556|0x00000007a2c00000, 0x00000007a2c00000, 0x00000007a2d00000|  0%| F|  |TAMS 0x00000007a2c00000, 0x00000007a2c00000| Untracked 
| 557|0x00000007a2d00000, 0x00000007a2d00000, 0x00000007a2e00000|  0%| F|  |TAMS 0x00000007a2d00000, 0x00000007a2d00000| Untracked 
| 558|0x00000007a2e00000, 0x00000007a2e00000, 0x00000007a2f00000|  0%| F|  |TAMS 0x00000007a2e00000, 0x00000007a2e00000| Untracked 
| 559|0x00000007a2f00000, 0x00000007a2f00000, 0x00000007a3000000|  0%| F|  |TAMS 0x00000007a2f00000, 0x00000007a2f00000| Untracked 
| 560|0x00000007a3000000, 0x00000007a3000000, 0x00000007a3100000|  0%| F|  |TAMS 0x00000007a3000000, 0x00000007a3000000| Untracked 
| 561|0x00000007a3100000, 0x00000007a3100000, 0x00000007a3200000|  0%| F|  |TAMS 0x00000007a3100000, 0x00000007a3100000| Untracked 
| 562|0x00000007a3200000, 0x00000007a3200000, 0x00000007a3300000|  0%| F|  |TAMS 0x00000007a3200000, 0x00000007a3200000| Untracked 
| 563|0x00000007a3300000, 0x00000007a3300000, 0x00000007a3400000|  0%| F|  |TAMS 0x00000007a3300000, 0x00000007a3300000| Untracked 
| 564|0x00000007a3400000, 0x00000007a3400000, 0x00000007a3500000|  0%| F|  |TAMS 0x00000007a3400000, 0x00000007a3400000| Untracked 
| 565|0x00000007a3500000, 0x00000007a3500000, 0x00000007a3600000|  0%| F|  |TAMS 0x00000007a3500000, 0x00000007a3500000| Untracked 
| 566|0x00000007a3600000, 0x00000007a3600000, 0x00000007a3700000|  0%| F|  |TAMS 0x00000007a3600000, 0x00000007a3600000| Untracked 
| 567|0x00000007a3700000, 0x00000007a3700000, 0x00000007a3800000|  0%| F|  |TAMS 0x00000007a3700000, 0x00000007a3700000| Untracked 
| 568|0x00000007a3800000, 0x00000007a3800000, 0x00000007a3900000|  0%| F|  |TAMS 0x00000007a3800000, 0x00000007a3800000| Untracked 
| 569|0x00000007a3900000, 0x00000007a3900000, 0x00000007a3a00000|  0%| F|  |TAMS 0x00000007a3900000, 0x00000007a3900000| Untracked 
| 570|0x00000007a3a00000, 0x00000007a3a00000, 0x00000007a3b00000|  0%| F|  |TAMS 0x00000007a3a00000, 0x00000007a3a00000| Untracked 
| 571|0x00000007a3b00000, 0x00000007a3b00000, 0x00000007a3c00000|  0%| F|  |TAMS 0x00000007a3b00000, 0x00000007a3b00000| Untracked 
| 572|0x00000007a3c00000, 0x00000007a3c00000, 0x00000007a3d00000|  0%| F|  |TAMS 0x00000007a3c00000, 0x00000007a3c00000| Untracked 
| 573|0x00000007a3d00000, 0x00000007a3d00000, 0x00000007a3e00000|  0%| F|  |TAMS 0x00000007a3d00000, 0x00000007a3d00000| Untracked 
| 574|0x00000007a3e00000, 0x00000007a3e00000, 0x00000007a3f00000|  0%| F|  |TAMS 0x00000007a3e00000, 0x00000007a3e00000| Untracked 
| 575|0x00000007a3f00000, 0x00000007a3f00000, 0x00000007a4000000|  0%| F|  |TAMS 0x00000007a3f00000, 0x00000007a3f00000| Untracked 
| 576|0x00000007a4000000, 0x00000007a4000000, 0x00000007a4100000|  0%| F|  |TAMS 0x00000007a4000000, 0x00000007a4000000| Untracked 
| 577|0x00000007a4100000, 0x00000007a4100000, 0x00000007a4200000|  0%| F|  |TAMS 0x00000007a4100000, 0x00000007a4100000| Untracked 
| 578|0x00000007a4200000, 0x00000007a4200000, 0x00000007a4300000|  0%| F|  |TAMS 0x00000007a4200000, 0x00000007a4200000| Untracked 
| 579|0x00000007a4300000, 0x00000007a4300000, 0x00000007a4400000|  0%| F|  |TAMS 0x00000007a4300000, 0x00000007a4300000| Untracked 
| 580|0x00000007a4400000, 0x00000007a4400000, 0x00000007a4500000|  0%| F|  |TAMS 0x00000007a4400000, 0x00000007a4400000| Untracked 
| 581|0x00000007a4500000, 0x00000007a4500000, 0x00000007a4600000|  0%| F|  |TAMS 0x00000007a4500000, 0x00000007a4500000| Untracked 
| 582|0x00000007a4600000, 0x00000007a4600000, 0x00000007a4700000|  0%| F|  |TAMS 0x00000007a4600000, 0x00000007a4600000| Untracked 
| 583|0x00000007a4700000, 0x00000007a4700000, 0x00000007a4800000|  0%| F|  |TAMS 0x00000007a4700000, 0x00000007a4700000| Untracked 
| 584|0x00000007a4800000, 0x00000007a4800000, 0x00000007a4900000|  0%| F|  |TAMS 0x00000007a4800000, 0x00000007a4800000| Untracked 
| 585|0x00000007a4900000, 0x00000007a4900000, 0x00000007a4a00000|  0%| F|  |TAMS 0x00000007a4900000, 0x00000007a4900000| Untracked 
| 586|0x00000007a4a00000, 0x00000007a4a00000, 0x00000007a4b00000|  0%| F|  |TAMS 0x00000007a4a00000, 0x00000007a4a00000| Untracked 
| 587|0x00000007a4b00000, 0x00000007a4b00000, 0x00000007a4c00000|  0%| F|  |TAMS 0x00000007a4b00000, 0x00000007a4b00000| Untracked 
| 588|0x00000007a4c00000, 0x00000007a4c00000, 0x00000007a4d00000|  0%| F|  |TAMS 0x00000007a4c00000, 0x00000007a4c00000| Untracked 
| 589|0x00000007a4d00000, 0x00000007a4d00000, 0x00000007a4e00000|  0%| F|  |TAMS 0x00000007a4d00000, 0x00000007a4d00000| Untracked 
| 590|0x00000007a4e00000, 0x00000007a4e00000, 0x00000007a4f00000|  0%| F|  |TAMS 0x00000007a4e00000, 0x00000007a4e00000| Untracked 
| 591|0x00000007a4f00000, 0x00000007a4f00000, 0x00000007a5000000|  0%| F|  |TAMS 0x00000007a4f00000, 0x00000007a4f00000| Untracked 
| 592|0x00000007a5000000, 0x00000007a5000000, 0x00000007a5100000|  0%| F|  |TAMS 0x00000007a5000000, 0x00000007a5000000| Untracked 
| 593|0x00000007a5100000, 0x00000007a5100000, 0x00000007a5200000|  0%| F|  |TAMS 0x00000007a5100000, 0x00000007a5100000| Untracked 
| 594|0x00000007a5200000, 0x00000007a5200000, 0x00000007a5300000|  0%| F|  |TAMS 0x00000007a5200000, 0x00000007a5200000| Untracked 
| 595|0x00000007a5300000, 0x00000007a5300000, 0x00000007a5400000|  0%| F|  |TAMS 0x00000007a5300000, 0x00000007a5300000| Untracked 
| 596|0x00000007a5400000, 0x00000007a5400000, 0x00000007a5500000|  0%| F|  |TAMS 0x00000007a5400000, 0x00000007a5400000| Untracked 
| 597|0x00000007a5500000, 0x00000007a5500000, 0x00000007a5600000|  0%| F|  |TAMS 0x00000007a5500000, 0x00000007a5500000| Untracked 
| 598|0x00000007a5600000, 0x00000007a5600000, 0x00000007a5700000|  0%| F|  |TAMS 0x00000007a5600000, 0x00000007a5600000| Untracked 
| 599|0x00000007a5700000, 0x00000007a5700000, 0x00000007a5800000|  0%| F|  |TAMS 0x00000007a5700000, 0x00000007a5700000| Untracked 
| 600|0x00000007a5800000, 0x00000007a5800000, 0x00000007a5900000|  0%| F|  |TAMS 0x00000007a5800000, 0x00000007a5800000| Untracked 
| 601|0x00000007a5900000, 0x00000007a5900000, 0x00000007a5a00000|  0%| F|  |TAMS 0x00000007a5900000, 0x00000007a5900000| Untracked 
| 602|0x00000007a5a00000, 0x00000007a5a00000, 0x00000007a5b00000|  0%| F|  |TAMS 0x00000007a5a00000, 0x00000007a5a00000| Untracked 
| 603|0x00000007a5b00000, 0x00000007a5b00000, 0x00000007a5c00000|  0%| F|  |TAMS 0x00000007a5b00000, 0x00000007a5b00000| Untracked 
| 604|0x00000007a5c00000, 0x00000007a5c00000, 0x00000007a5d00000|  0%| F|  |TAMS 0x00000007a5c00000, 0x00000007a5c00000| Untracked 
| 605|0x00000007a5d00000, 0x00000007a5d00000, 0x00000007a5e00000|  0%| F|  |TAMS 0x00000007a5d00000, 0x00000007a5d00000| Untracked 
| 606|0x00000007a5e00000, 0x00000007a5e00000, 0x00000007a5f00000|  0%| F|  |TAMS 0x00000007a5e00000, 0x00000007a5e00000| Untracked 
| 607|0x00000007a5f00000, 0x00000007a5f00000, 0x00000007a6000000|  0%| F|  |TAMS 0x00000007a5f00000, 0x00000007a5f00000| Untracked 
| 608|0x00000007a6000000, 0x00000007a6000000, 0x00000007a6100000|  0%| F|  |TAMS 0x00000007a6000000, 0x00000007a6000000| Untracked 
| 609|0x00000007a6100000, 0x00000007a6100000, 0x00000007a6200000|  0%| F|  |TAMS 0x00000007a6100000, 0x00000007a6100000| Untracked 
| 610|0x00000007a6200000, 0x00000007a6200000, 0x00000007a6300000|  0%| F|  |TAMS 0x00000007a6200000, 0x00000007a6200000| Untracked 
| 611|0x00000007a6300000, 0x00000007a6300000, 0x00000007a6400000|  0%| F|  |TAMS 0x00000007a6300000, 0x00000007a6300000| Untracked 
| 612|0x00000007a6400000, 0x00000007a6400000, 0x00000007a6500000|  0%| F|  |TAMS 0x00000007a6400000, 0x00000007a6400000| Untracked 
| 613|0x00000007a6500000, 0x00000007a6500000, 0x00000007a6600000|  0%| F|  |TAMS 0x00000007a6500000, 0x00000007a6500000| Untracked 
| 614|0x00000007a6600000, 0x00000007a6600000, 0x00000007a6700000|  0%| F|  |TAMS 0x00000007a6600000, 0x00000007a6600000| Untracked 
| 615|0x00000007a6700000, 0x00000007a6700000, 0x00000007a6800000|  0%| F|  |TAMS 0x00000007a6700000, 0x00000007a6700000| Untracked 
| 616|0x00000007a6800000, 0x00000007a6800000, 0x00000007a6900000|  0%| F|  |TAMS 0x00000007a6800000, 0x00000007a6800000| Untracked 
| 617|0x00000007a6900000, 0x00000007a6900000, 0x00000007a6a00000|  0%| F|  |TAMS 0x00000007a6900000, 0x00000007a6900000| Untracked 
| 618|0x00000007a6a00000, 0x00000007a6a00000, 0x00000007a6b00000|  0%| F|  |TAMS 0x00000007a6a00000, 0x00000007a6a00000| Untracked 
| 619|0x00000007a6b00000, 0x00000007a6b00000, 0x00000007a6c00000|  0%| F|  |TAMS 0x00000007a6b00000, 0x00000007a6b00000| Untracked 
| 620|0x00000007a6c00000, 0x00000007a6c00000, 0x00000007a6d00000|  0%| F|  |TAMS 0x00000007a6c00000, 0x00000007a6c00000| Untracked 
| 621|0x00000007a6d00000, 0x00000007a6d00000, 0x00000007a6e00000|  0%| F|  |TAMS 0x00000007a6d00000, 0x00000007a6d00000| Untracked 
| 622|0x00000007a6e00000, 0x00000007a6e00000, 0x00000007a6f00000|  0%| F|  |TAMS 0x00000007a6e00000, 0x00000007a6e00000| Untracked 
| 623|0x00000007a6f00000, 0x00000007a6f00000, 0x00000007a7000000|  0%| F|  |TAMS 0x00000007a6f00000, 0x00000007a6f00000| Untracked 
| 624|0x00000007a7000000, 0x00000007a7000000, 0x00000007a7100000|  0%| F|  |TAMS 0x00000007a7000000, 0x00000007a7000000| Untracked 
| 625|0x00000007a7100000, 0x00000007a7100000, 0x00000007a7200000|  0%| F|  |TAMS 0x00000007a7100000, 0x00000007a7100000| Untracked 
| 626|0x00000007a7200000, 0x00000007a7200000, 0x00000007a7300000|  0%| F|  |TAMS 0x00000007a7200000, 0x00000007a7200000| Untracked 
| 627|0x00000007a7300000, 0x00000007a7300000, 0x00000007a7400000|  0%| F|  |TAMS 0x00000007a7300000, 0x00000007a7300000| Untracked 
| 628|0x00000007a7400000, 0x00000007a7400000, 0x00000007a7500000|  0%| F|  |TAMS 0x00000007a7400000, 0x00000007a7400000| Untracked 
| 629|0x00000007a7500000, 0x00000007a7500000, 0x00000007a7600000|  0%| F|  |TAMS 0x00000007a7500000, 0x00000007a7500000| Untracked 
| 630|0x00000007a7600000, 0x00000007a7600000, 0x00000007a7700000|  0%| F|  |TAMS 0x00000007a7600000, 0x00000007a7600000| Untracked 
| 631|0x00000007a7700000, 0x00000007a7700000, 0x00000007a7800000|  0%| F|  |TAMS 0x00000007a7700000, 0x00000007a7700000| Untracked 
| 632|0x00000007a7800000, 0x00000007a7800000, 0x00000007a7900000|  0%| F|  |TAMS 0x00000007a7800000, 0x00000007a7800000| Untracked 
| 633|0x00000007a7900000, 0x00000007a7900000, 0x00000007a7a00000|  0%| F|  |TAMS 0x00000007a7900000, 0x00000007a7900000| Untracked 
| 634|0x00000007a7a00000, 0x00000007a7a00000, 0x00000007a7b00000|  0%| F|  |TAMS 0x00000007a7a00000, 0x00000007a7a00000| Untracked 
| 635|0x00000007a7b00000, 0x00000007a7b00000, 0x00000007a7c00000|  0%| F|  |TAMS 0x00000007a7b00000, 0x00000007a7b00000| Untracked 
| 636|0x00000007a7c00000, 0x00000007a7c00000, 0x00000007a7d00000|  0%| F|  |TAMS 0x00000007a7c00000, 0x00000007a7c00000| Untracked 
| 637|0x00000007a7d00000, 0x00000007a7d00000, 0x00000007a7e00000|  0%| F|  |TAMS 0x00000007a7d00000, 0x00000007a7d00000| Untracked 
| 638|0x00000007a7e00000, 0x00000007a7e00000, 0x00000007a7f00000|  0%| F|  |TAMS 0x00000007a7e00000, 0x00000007a7e00000| Untracked 
| 639|0x00000007a7f00000, 0x00000007a7f00000, 0x00000007a8000000|  0%| F|  |TAMS 0x00000007a7f00000, 0x00000007a7f00000| Untracked 
| 640|0x00000007a8000000, 0x00000007a8000000, 0x00000007a8100000|  0%| F|  |TAMS 0x00000007a8000000, 0x00000007a8000000| Untracked 
| 641|0x00000007a8100000, 0x00000007a8100000, 0x00000007a8200000|  0%| F|  |TAMS 0x00000007a8100000, 0x00000007a8100000| Untracked 
| 642|0x00000007a8200000, 0x00000007a8200000, 0x00000007a8300000|  0%| F|  |TAMS 0x00000007a8200000, 0x00000007a8200000| Untracked 
| 643|0x00000007a8300000, 0x00000007a8300000, 0x00000007a8400000|  0%| F|  |TAMS 0x00000007a8300000, 0x00000007a8300000| Untracked 
| 644|0x00000007a8400000, 0x00000007a8400000, 0x00000007a8500000|  0%| F|  |TAMS 0x00000007a8400000, 0x00000007a8400000| Untracked 
| 645|0x00000007a8500000, 0x00000007a8500000, 0x00000007a8600000|  0%| F|  |TAMS 0x00000007a8500000, 0x00000007a8500000| Untracked 
| 646|0x00000007a8600000, 0x00000007a8600000, 0x00000007a8700000|  0%| F|  |TAMS 0x00000007a8600000, 0x00000007a8600000| Untracked 
| 647|0x00000007a8700000, 0x00000007a8700000, 0x00000007a8800000|  0%| F|  |TAMS 0x00000007a8700000, 0x00000007a8700000| Untracked 
| 648|0x00000007a8800000, 0x00000007a8800000, 0x00000007a8900000|  0%| F|  |TAMS 0x00000007a8800000, 0x00000007a8800000| Untracked 
| 649|0x00000007a8900000, 0x00000007a8900000, 0x00000007a8a00000|  0%| F|  |TAMS 0x00000007a8900000, 0x00000007a8900000| Untracked 
| 650|0x00000007a8a00000, 0x00000007a8a00000, 0x00000007a8b00000|  0%| F|  |TAMS 0x00000007a8a00000, 0x00000007a8a00000| Untracked 
| 651|0x00000007a8b00000, 0x00000007a8b00000, 0x00000007a8c00000|  0%| F|  |TAMS 0x00000007a8b00000, 0x00000007a8b00000| Untracked 
| 652|0x00000007a8c00000, 0x00000007a8c00000, 0x00000007a8d00000|  0%| F|  |TAMS 0x00000007a8c00000, 0x00000007a8c00000| Untracked 
| 653|0x00000007a8d00000, 0x00000007a8d00000, 0x00000007a8e00000|  0%| F|  |TAMS 0x00000007a8d00000, 0x00000007a8d00000| Untracked 
| 654|0x00000007a8e00000, 0x00000007a8e00000, 0x00000007a8f00000|  0%| F|  |TAMS 0x00000007a8e00000, 0x00000007a8e00000| Untracked 
| 655|0x00000007a8f00000, 0x00000007a8f00000, 0x00000007a9000000|  0%| F|  |TAMS 0x00000007a8f00000, 0x00000007a8f00000| Untracked 
| 656|0x00000007a9000000, 0x00000007a9000000, 0x00000007a9100000|  0%| F|  |TAMS 0x00000007a9000000, 0x00000007a9000000| Untracked 
| 657|0x00000007a9100000, 0x00000007a9100000, 0x00000007a9200000|  0%| F|  |TAMS 0x00000007a9100000, 0x00000007a9100000| Untracked 
| 658|0x00000007a9200000, 0x00000007a9200000, 0x00000007a9300000|  0%| F|  |TAMS 0x00000007a9200000, 0x00000007a9200000| Untracked 
| 659|0x00000007a9300000, 0x00000007a9300000, 0x00000007a9400000|  0%| F|  |TAMS 0x00000007a9300000, 0x00000007a9300000| Untracked 
| 660|0x00000007a9400000, 0x00000007a9400000, 0x00000007a9500000|  0%| F|  |TAMS 0x00000007a9400000, 0x00000007a9400000| Untracked 
| 661|0x00000007a9500000, 0x00000007a9500000, 0x00000007a9600000|  0%| F|  |TAMS 0x00000007a9500000, 0x00000007a9500000| Untracked 
| 662|0x00000007a9600000, 0x00000007a9600000, 0x00000007a9700000|  0%| F|  |TAMS 0x00000007a9600000, 0x00000007a9600000| Untracked 
| 663|0x00000007a9700000, 0x00000007a9700000, 0x00000007a9800000|  0%| F|  |TAMS 0x00000007a9700000, 0x00000007a9700000| Untracked 
| 664|0x00000007a9800000, 0x00000007a9800000, 0x00000007a9900000|  0%| F|  |TAMS 0x00000007a9800000, 0x00000007a9800000| Untracked 
| 665|0x00000007a9900000, 0x00000007a9900000, 0x00000007a9a00000|  0%| F|  |TAMS 0x00000007a9900000, 0x00000007a9900000| Untracked 
| 666|0x00000007a9a00000, 0x00000007a9a00000, 0x00000007a9b00000|  0%| F|  |TAMS 0x00000007a9a00000, 0x00000007a9a00000| Untracked 
| 667|0x00000007a9b00000, 0x00000007a9b00000, 0x00000007a9c00000|  0%| F|  |TAMS 0x00000007a9b00000, 0x00000007a9b00000| Untracked 
| 668|0x00000007a9c00000, 0x00000007a9c00000, 0x00000007a9d00000|  0%| F|  |TAMS 0x00000007a9c00000, 0x00000007a9c00000| Untracked 
| 669|0x00000007a9d00000, 0x00000007a9d00000, 0x00000007a9e00000|  0%| F|  |TAMS 0x00000007a9d00000, 0x00000007a9d00000| Untracked 
| 670|0x00000007a9e00000, 0x00000007a9e00000, 0x00000007a9f00000|  0%| F|  |TAMS 0x00000007a9e00000, 0x00000007a9e00000| Untracked 
| 671|0x00000007a9f00000, 0x00000007a9f00000, 0x00000007aa000000|  0%| F|  |TAMS 0x00000007a9f00000, 0x00000007a9f00000| Untracked 
| 672|0x00000007aa000000, 0x00000007aa000000, 0x00000007aa100000|  0%| F|  |TAMS 0x00000007aa000000, 0x00000007aa000000| Untracked 
| 673|0x00000007aa100000, 0x00000007aa100000, 0x00000007aa200000|  0%| F|  |TAMS 0x00000007aa100000, 0x00000007aa100000| Untracked 
| 674|0x00000007aa200000, 0x00000007aa200000, 0x00000007aa300000|  0%| F|  |TAMS 0x00000007aa200000, 0x00000007aa200000| Untracked 
| 675|0x00000007aa300000, 0x00000007aa300000, 0x00000007aa400000|  0%| F|  |TAMS 0x00000007aa300000, 0x00000007aa300000| Untracked 
| 676|0x00000007aa400000, 0x00000007aa400000, 0x00000007aa500000|  0%| F|  |TAMS 0x00000007aa400000, 0x00000007aa400000| Untracked 
| 677|0x00000007aa500000, 0x00000007aa500000, 0x00000007aa600000|  0%| F|  |TAMS 0x00000007aa500000, 0x00000007aa500000| Untracked 
| 678|0x00000007aa600000, 0x00000007aa600000, 0x00000007aa700000|  0%| F|  |TAMS 0x00000007aa600000, 0x00000007aa600000| Untracked 
| 679|0x00000007aa700000, 0x00000007aa700000, 0x00000007aa800000|  0%| F|  |TAMS 0x00000007aa700000, 0x00000007aa700000| Untracked 
| 680|0x00000007aa800000, 0x00000007aa800000, 0x00000007aa900000|  0%| F|  |TAMS 0x00000007aa800000, 0x00000007aa800000| Untracked 
| 681|0x00000007aa900000, 0x00000007aa900000, 0x00000007aaa00000|  0%| F|  |TAMS 0x00000007aa900000, 0x00000007aa900000| Untracked 
| 682|0x00000007aaa00000, 0x00000007aaa00000, 0x00000007aab00000|  0%| F|  |TAMS 0x00000007aaa00000, 0x00000007aaa00000| Untracked 
| 683|0x00000007aab00000, 0x00000007aab00000, 0x00000007aac00000|  0%| F|  |TAMS 0x00000007aab00000, 0x00000007aab00000| Untracked 
| 684|0x00000007aac00000, 0x00000007aac00000, 0x00000007aad00000|  0%| F|  |TAMS 0x00000007aac00000, 0x00000007aac00000| Untracked 
| 685|0x00000007aad00000, 0x00000007aad00000, 0x00000007aae00000|  0%| F|  |TAMS 0x00000007aad00000, 0x00000007aad00000| Untracked 
| 686|0x00000007aae00000, 0x00000007aae00000, 0x00000007aaf00000|  0%| F|  |TAMS 0x00000007aae00000, 0x00000007aae00000| Untracked 
| 687|0x00000007aaf00000, 0x00000007aaf00000, 0x00000007ab000000|  0%| F|  |TAMS 0x00000007aaf00000, 0x00000007aaf00000| Untracked 
| 688|0x00000007ab000000, 0x00000007ab000000, 0x00000007ab100000|  0%| F|  |TAMS 0x00000007ab000000, 0x00000007ab000000| Untracked 
| 689|0x00000007ab100000, 0x00000007ab100000, 0x00000007ab200000|  0%| F|  |TAMS 0x00000007ab100000, 0x00000007ab100000| Untracked 
| 690|0x00000007ab200000, 0x00000007ab200000, 0x00000007ab300000|  0%| F|  |TAMS 0x00000007ab200000, 0x00000007ab200000| Untracked 
| 691|0x00000007ab300000, 0x00000007ab300000, 0x00000007ab400000|  0%| F|  |TAMS 0x00000007ab300000, 0x00000007ab300000| Untracked 
| 692|0x00000007ab400000, 0x00000007ab400000, 0x00000007ab500000|  0%| F|  |TAMS 0x00000007ab400000, 0x00000007ab400000| Untracked 
| 693|0x00000007ab500000, 0x00000007ab500000, 0x00000007ab600000|  0%| F|  |TAMS 0x00000007ab500000, 0x00000007ab500000| Untracked 
| 694|0x00000007ab600000, 0x00000007ab600000, 0x00000007ab700000|  0%| F|  |TAMS 0x00000007ab600000, 0x00000007ab600000| Untracked 
| 695|0x00000007ab700000, 0x00000007ab700000, 0x00000007ab800000|  0%| F|  |TAMS 0x00000007ab700000, 0x00000007ab700000| Untracked 
| 696|0x00000007ab800000, 0x00000007ab800000, 0x00000007ab900000|  0%| F|  |TAMS 0x00000007ab800000, 0x00000007ab800000| Untracked 
| 697|0x00000007ab900000, 0x00000007ab900000, 0x00000007aba00000|  0%| F|  |TAMS 0x00000007ab900000, 0x00000007ab900000| Untracked 
| 698|0x00000007aba00000, 0x00000007aba00000, 0x00000007abb00000|  0%| F|  |TAMS 0x00000007aba00000, 0x00000007aba00000| Untracked 
| 699|0x00000007abb00000, 0x00000007abb00000, 0x00000007abc00000|  0%| F|  |TAMS 0x00000007abb00000, 0x00000007abb00000| Untracked 
| 700|0x00000007abc00000, 0x00000007abc00000, 0x00000007abd00000|  0%| F|  |TAMS 0x00000007abc00000, 0x00000007abc00000| Untracked 
| 701|0x00000007abd00000, 0x00000007abd00000, 0x00000007abe00000|  0%| F|  |TAMS 0x00000007abd00000, 0x00000007abd00000| Untracked 
| 702|0x00000007abe00000, 0x00000007abe00000, 0x00000007abf00000|  0%| F|  |TAMS 0x00000007abe00000, 0x00000007abe00000| Untracked 
| 703|0x00000007abf00000, 0x00000007abf00000, 0x00000007ac000000|  0%| F|  |TAMS 0x00000007abf00000, 0x00000007abf00000| Untracked 
| 704|0x00000007ac000000, 0x00000007ac000000, 0x00000007ac100000|  0%| F|  |TAMS 0x00000007ac000000, 0x00000007ac000000| Untracked 
| 705|0x00000007ac100000, 0x00000007ac100000, 0x00000007ac200000|  0%| F|  |TAMS 0x00000007ac100000, 0x00000007ac100000| Untracked 
| 706|0x00000007ac200000, 0x00000007ac200000, 0x00000007ac300000|  0%| F|  |TAMS 0x00000007ac200000, 0x00000007ac200000| Untracked 
| 707|0x00000007ac300000, 0x00000007ac300000, 0x00000007ac400000|  0%| F|  |TAMS 0x00000007ac300000, 0x00000007ac300000| Untracked 
| 708|0x00000007ac400000, 0x00000007ac400000, 0x00000007ac500000|  0%| F|  |TAMS 0x00000007ac400000, 0x00000007ac400000| Untracked 
| 709|0x00000007ac500000, 0x00000007ac500000, 0x00000007ac600000|  0%| F|  |TAMS 0x00000007ac500000, 0x00000007ac500000| Untracked 
| 710|0x00000007ac600000, 0x00000007ac600000, 0x00000007ac700000|  0%| F|  |TAMS 0x00000007ac600000, 0x00000007ac600000| Untracked 
| 711|0x00000007ac700000, 0x00000007ac700000, 0x00000007ac800000|  0%| F|  |TAMS 0x00000007ac700000, 0x00000007ac700000| Untracked 
| 712|0x00000007ac800000, 0x00000007ac800000, 0x00000007ac900000|  0%| F|  |TAMS 0x00000007ac800000, 0x00000007ac800000| Untracked 
| 713|0x00000007ac900000, 0x00000007ac900000, 0x00000007aca00000|  0%| F|  |TAMS 0x00000007ac900000, 0x00000007ac900000| Untracked 
| 714|0x00000007aca00000, 0x00000007aca00000, 0x00000007acb00000|  0%| F|  |TAMS 0x00000007aca00000, 0x00000007aca00000| Untracked 
| 715|0x00000007acb00000, 0x00000007acb00000, 0x00000007acc00000|  0%| F|  |TAMS 0x00000007acb00000, 0x00000007acb00000| Untracked 
| 716|0x00000007acc00000, 0x00000007acc00000, 0x00000007acd00000|  0%| F|  |TAMS 0x00000007acc00000, 0x00000007acc00000| Untracked 
| 717|0x00000007acd00000, 0x00000007acd00000, 0x00000007ace00000|  0%| F|  |TAMS 0x00000007acd00000, 0x00000007acd00000| Untracked 
| 718|0x00000007ace00000, 0x00000007ace00000, 0x00000007acf00000|  0%| F|  |TAMS 0x00000007ace00000, 0x00000007ace00000| Untracked 
| 719|0x00000007acf00000, 0x00000007acf00000, 0x00000007ad000000|  0%| F|  |TAMS 0x00000007acf00000, 0x00000007acf00000| Untracked 
| 720|0x00000007ad000000, 0x00000007ad000000, 0x00000007ad100000|  0%| F|  |TAMS 0x00000007ad000000, 0x00000007ad000000| Untracked 
| 721|0x00000007ad100000, 0x00000007ad100000, 0x00000007ad200000|  0%| F|  |TAMS 0x00000007ad100000, 0x00000007ad100000| Untracked 
| 722|0x00000007ad200000, 0x00000007ad200000, 0x00000007ad300000|  0%| F|  |TAMS 0x00000007ad200000, 0x00000007ad200000| Untracked 
| 723|0x00000007ad300000, 0x00000007ad300000, 0x00000007ad400000|  0%| F|  |TAMS 0x00000007ad300000, 0x00000007ad300000| Untracked 
| 724|0x00000007ad400000, 0x00000007ad400000, 0x00000007ad500000|  0%| F|  |TAMS 0x00000007ad400000, 0x00000007ad400000| Untracked 
| 725|0x00000007ad500000, 0x00000007ad500000, 0x00000007ad600000|  0%| F|  |TAMS 0x00000007ad500000, 0x00000007ad500000| Untracked 
| 726|0x00000007ad600000, 0x00000007ad600000, 0x00000007ad700000|  0%| F|  |TAMS 0x00000007ad600000, 0x00000007ad600000| Untracked 
| 727|0x00000007ad700000, 0x00000007ad700000, 0x00000007ad800000|  0%| F|  |TAMS 0x00000007ad700000, 0x00000007ad700000| Untracked 
| 728|0x00000007ad800000, 0x00000007ad800000, 0x00000007ad900000|  0%| F|  |TAMS 0x00000007ad800000, 0x00000007ad800000| Untracked 
| 729|0x00000007ad900000, 0x00000007ad900000, 0x00000007ada00000|  0%| F|  |TAMS 0x00000007ad900000, 0x00000007ad900000| Untracked 
| 730|0x00000007ada00000, 0x00000007ada00000, 0x00000007adb00000|  0%| F|  |TAMS 0x00000007ada00000, 0x00000007ada00000| Untracked 
| 731|0x00000007adb00000, 0x00000007adb00000, 0x00000007adc00000|  0%| F|  |TAMS 0x00000007adb00000, 0x00000007adb00000| Untracked 
| 732|0x00000007adc00000, 0x00000007adc00000, 0x00000007add00000|  0%| F|  |TAMS 0x00000007adc00000, 0x00000007adc00000| Untracked 
| 733|0x00000007add00000, 0x00000007add00000, 0x00000007ade00000|  0%| F|  |TAMS 0x00000007add00000, 0x00000007add00000| Untracked 
| 734|0x00000007ade00000, 0x00000007ade00000, 0x00000007adf00000|  0%| F|  |TAMS 0x00000007ade00000, 0x00000007ade00000| Untracked 
| 735|0x00000007adf00000, 0x00000007adf00000, 0x00000007ae000000|  0%| F|  |TAMS 0x00000007adf00000, 0x00000007adf00000| Untracked 
| 736|0x00000007ae000000, 0x00000007ae000000, 0x00000007ae100000|  0%| F|  |TAMS 0x00000007ae000000, 0x00000007ae000000| Untracked 
| 737|0x00000007ae100000, 0x00000007ae100000, 0x00000007ae200000|  0%| F|  |TAMS 0x00000007ae100000, 0x00000007ae100000| Untracked 
| 738|0x00000007ae200000, 0x00000007ae200000, 0x00000007ae300000|  0%| F|  |TAMS 0x00000007ae200000, 0x00000007ae200000| Untracked 
| 739|0x00000007ae300000, 0x00000007ae300000, 0x00000007ae400000|  0%| F|  |TAMS 0x00000007ae300000, 0x00000007ae300000| Untracked 
| 740|0x00000007ae400000, 0x00000007ae400000, 0x00000007ae500000|  0%| F|  |TAMS 0x00000007ae400000, 0x00000007ae400000| Untracked 
| 741|0x00000007ae500000, 0x00000007ae500000, 0x00000007ae600000|  0%| F|  |TAMS 0x00000007ae500000, 0x00000007ae500000| Untracked 
| 742|0x00000007ae600000, 0x00000007ae600000, 0x00000007ae700000|  0%| F|  |TAMS 0x00000007ae600000, 0x00000007ae600000| Untracked 
| 743|0x00000007ae700000, 0x00000007ae700000, 0x00000007ae800000|  0%| F|  |TAMS 0x00000007ae700000, 0x00000007ae700000| Untracked 
| 744|0x00000007ae800000, 0x00000007ae800000, 0x00000007ae900000|  0%| F|  |TAMS 0x00000007ae800000, 0x00000007ae800000| Untracked 
| 745|0x00000007ae900000, 0x00000007ae900000, 0x00000007aea00000|  0%| F|  |TAMS 0x00000007ae900000, 0x00000007ae900000| Untracked 
| 746|0x00000007aea00000, 0x00000007aea00000, 0x00000007aeb00000|  0%| F|  |TAMS 0x00000007aea00000, 0x00000007aea00000| Untracked 
| 747|0x00000007aeb00000, 0x00000007aeb00000, 0x00000007aec00000|  0%| F|  |TAMS 0x00000007aeb00000, 0x00000007aeb00000| Untracked 
| 748|0x00000007aec00000, 0x00000007aec00000, 0x00000007aed00000|  0%| F|  |TAMS 0x00000007aec00000, 0x00000007aec00000| Untracked 
| 749|0x00000007aed00000, 0x00000007aed00000, 0x00000007aee00000|  0%| F|  |TAMS 0x00000007aed00000, 0x00000007aed00000| Untracked 
| 750|0x00000007aee00000, 0x00000007aee00000, 0x00000007aef00000|  0%| F|  |TAMS 0x00000007aee00000, 0x00000007aee00000| Untracked 
| 751|0x00000007aef00000, 0x00000007aef00000, 0x00000007af000000|  0%| F|  |TAMS 0x00000007aef00000, 0x00000007aef00000| Untracked 
| 752|0x00000007af000000, 0x00000007af000000, 0x00000007af100000|  0%| F|  |TAMS 0x00000007af000000, 0x00000007af000000| Untracked 
| 753|0x00000007af100000, 0x00000007af100000, 0x00000007af200000|  0%| F|  |TAMS 0x00000007af100000, 0x00000007af100000| Untracked 
| 754|0x00000007af200000, 0x00000007af200000, 0x00000007af300000|  0%| F|  |TAMS 0x00000007af200000, 0x00000007af200000| Untracked 
| 755|0x00000007af300000, 0x00000007af300000, 0x00000007af400000|  0%| F|  |TAMS 0x00000007af300000, 0x00000007af300000| Untracked 
| 756|0x00000007af400000, 0x00000007af400000, 0x00000007af500000|  0%| F|  |TAMS 0x00000007af400000, 0x00000007af400000| Untracked 
| 757|0x00000007af500000, 0x00000007af500000, 0x00000007af600000|  0%| F|  |TAMS 0x00000007af500000, 0x00000007af500000| Untracked 
| 758|0x00000007af600000, 0x00000007af600000, 0x00000007af700000|  0%| F|  |TAMS 0x00000007af600000, 0x00000007af600000| Untracked 
| 759|0x00000007af700000, 0x00000007af700000, 0x00000007af800000|  0%| F|  |TAMS 0x00000007af700000, 0x00000007af700000| Untracked 
| 760|0x00000007af800000, 0x00000007af800000, 0x00000007af900000|  0%| F|  |TAMS 0x00000007af800000, 0x00000007af800000| Untracked 
| 761|0x00000007af900000, 0x00000007af900000, 0x00000007afa00000|  0%| F|  |TAMS 0x00000007af900000, 0x00000007af900000| Untracked 
| 762|0x00000007afa00000, 0x00000007afa00000, 0x00000007afb00000|  0%| F|  |TAMS 0x00000007afa00000, 0x00000007afa00000| Untracked 
| 763|0x00000007afb00000, 0x00000007afb00000, 0x00000007afc00000|  0%| F|  |TAMS 0x00000007afb00000, 0x00000007afb00000| Untracked 
| 764|0x00000007afc00000, 0x00000007afc00000, 0x00000007afd00000|  0%| F|  |TAMS 0x00000007afc00000, 0x00000007afc00000| Untracked 
| 765|0x00000007afd00000, 0x00000007afd00000, 0x00000007afe00000|  0%| F|  |TAMS 0x00000007afd00000, 0x00000007afd00000| Untracked 
| 766|0x00000007afe00000, 0x00000007afe00000, 0x00000007aff00000|  0%| F|  |TAMS 0x00000007afe00000, 0x00000007afe00000| Untracked 
| 767|0x00000007aff00000, 0x00000007aff00000, 0x00000007b0000000|  0%| F|  |TAMS 0x00000007aff00000, 0x00000007aff00000| Untracked 
| 768|0x00000007b0000000, 0x00000007b0000000, 0x00000007b0100000|  0%| F|  |TAMS 0x00000007b0000000, 0x00000007b0000000| Untracked 
| 769|0x00000007b0100000, 0x00000007b0100000, 0x00000007b0200000|  0%| F|  |TAMS 0x00000007b0100000, 0x00000007b0100000| Untracked 
| 770|0x00000007b0200000, 0x00000007b0200000, 0x00000007b0300000|  0%| F|  |TAMS 0x00000007b0200000, 0x00000007b0200000| Untracked 
| 771|0x00000007b0300000, 0x00000007b0300000, 0x00000007b0400000|  0%| F|  |TAMS 0x00000007b0300000, 0x00000007b0300000| Untracked 
| 772|0x00000007b0400000, 0x00000007b0400000, 0x00000007b0500000|  0%| F|  |TAMS 0x00000007b0400000, 0x00000007b0400000| Untracked 
| 773|0x00000007b0500000, 0x00000007b0500000, 0x00000007b0600000|  0%| F|  |TAMS 0x00000007b0500000, 0x00000007b0500000| Untracked 
| 774|0x00000007b0600000, 0x00000007b0600000, 0x00000007b0700000|  0%| F|  |TAMS 0x00000007b0600000, 0x00000007b0600000| Untracked 
| 775|0x00000007b0700000, 0x00000007b0700000, 0x00000007b0800000|  0%| F|  |TAMS 0x00000007b0700000, 0x00000007b0700000| Untracked 
| 776|0x00000007b0800000, 0x00000007b0800000, 0x00000007b0900000|  0%| F|  |TAMS 0x00000007b0800000, 0x00000007b0800000| Untracked 
| 777|0x00000007b0900000, 0x00000007b0900000, 0x00000007b0a00000|  0%| F|  |TAMS 0x00000007b0900000, 0x00000007b0900000| Untracked 
| 778|0x00000007b0a00000, 0x00000007b0a00000, 0x00000007b0b00000|  0%| F|  |TAMS 0x00000007b0a00000, 0x00000007b0a00000| Untracked 
| 779|0x00000007b0b00000, 0x00000007b0b00000, 0x00000007b0c00000|  0%| F|  |TAMS 0x00000007b0b00000, 0x00000007b0b00000| Untracked 
| 780|0x00000007b0c00000, 0x00000007b0c00000, 0x00000007b0d00000|  0%| F|  |TAMS 0x00000007b0c00000, 0x00000007b0c00000| Untracked 
| 781|0x00000007b0d00000, 0x00000007b0d00000, 0x00000007b0e00000|  0%| F|  |TAMS 0x00000007b0d00000, 0x00000007b0d00000| Untracked 
| 782|0x00000007b0e00000, 0x00000007b0e00000, 0x00000007b0f00000|  0%| F|  |TAMS 0x00000007b0e00000, 0x00000007b0e00000| Untracked 
| 783|0x00000007b0f00000, 0x00000007b0f00000, 0x00000007b1000000|  0%| F|  |TAMS 0x00000007b0f00000, 0x00000007b0f00000| Untracked 
| 784|0x00000007b1000000, 0x00000007b1000000, 0x00000007b1100000|  0%| F|  |TAMS 0x00000007b1000000, 0x00000007b1000000| Untracked 
| 785|0x00000007b1100000, 0x00000007b1100000, 0x00000007b1200000|  0%| F|  |TAMS 0x00000007b1100000, 0x00000007b1100000| Untracked 
| 786|0x00000007b1200000, 0x00000007b1200000, 0x00000007b1300000|  0%| F|  |TAMS 0x00000007b1200000, 0x00000007b1200000| Untracked 
| 787|0x00000007b1300000, 0x00000007b1300000, 0x00000007b1400000|  0%| F|  |TAMS 0x00000007b1300000, 0x00000007b1300000| Untracked 
| 788|0x00000007b1400000, 0x00000007b1400000, 0x00000007b1500000|  0%| F|  |TAMS 0x00000007b1400000, 0x00000007b1400000| Untracked 
| 789|0x00000007b1500000, 0x00000007b1500000, 0x00000007b1600000|  0%| F|  |TAMS 0x00000007b1500000, 0x00000007b1500000| Untracked 
| 790|0x00000007b1600000, 0x00000007b1600000, 0x00000007b1700000|  0%| F|  |TAMS 0x00000007b1600000, 0x00000007b1600000| Untracked 
| 791|0x00000007b1700000, 0x00000007b1700000, 0x00000007b1800000|  0%| F|  |TAMS 0x00000007b1700000, 0x00000007b1700000| Untracked 
| 792|0x00000007b1800000, 0x00000007b1800000, 0x00000007b1900000|  0%| F|  |TAMS 0x00000007b1800000, 0x00000007b1800000| Untracked 
| 793|0x00000007b1900000, 0x00000007b1900000, 0x00000007b1a00000|  0%| F|  |TAMS 0x00000007b1900000, 0x00000007b1900000| Untracked 
| 794|0x00000007b1a00000, 0x00000007b1a00000, 0x00000007b1b00000|  0%| F|  |TAMS 0x00000007b1a00000, 0x00000007b1a00000| Untracked 
| 795|0x00000007b1b00000, 0x00000007b1b00000, 0x00000007b1c00000|  0%| F|  |TAMS 0x00000007b1b00000, 0x00000007b1b00000| Untracked 
| 796|0x00000007b1c00000, 0x00000007b1c00000, 0x00000007b1d00000|  0%| F|  |TAMS 0x00000007b1c00000, 0x00000007b1c00000| Untracked 
| 797|0x00000007b1d00000, 0x00000007b1d00000, 0x00000007b1e00000|  0%| F|  |TAMS 0x00000007b1d00000, 0x00000007b1d00000| Untracked 
| 798|0x00000007b1e00000, 0x00000007b1e00000, 0x00000007b1f00000|  0%| F|  |TAMS 0x00000007b1e00000, 0x00000007b1e00000| Untracked 
| 799|0x00000007b1f00000, 0x00000007b1f00000, 0x00000007b2000000|  0%| F|  |TAMS 0x00000007b1f00000, 0x00000007b1f00000| Untracked 
| 800|0x00000007b2000000, 0x00000007b2000000, 0x00000007b2100000|  0%| F|  |TAMS 0x00000007b2000000, 0x00000007b2000000| Untracked 
| 801|0x00000007b2100000, 0x00000007b2100000, 0x00000007b2200000|  0%| F|  |TAMS 0x00000007b2100000, 0x00000007b2100000| Untracked 
| 802|0x00000007b2200000, 0x00000007b2200000, 0x00000007b2300000|  0%| F|  |TAMS 0x00000007b2200000, 0x00000007b2200000| Untracked 
| 803|0x00000007b2300000, 0x00000007b2300000, 0x00000007b2400000|  0%| F|  |TAMS 0x00000007b2300000, 0x00000007b2300000| Untracked 
| 804|0x00000007b2400000, 0x00000007b2400000, 0x00000007b2500000|  0%| F|  |TAMS 0x00000007b2400000, 0x00000007b2400000| Untracked 
| 805|0x00000007b2500000, 0x00000007b2500000, 0x00000007b2600000|  0%| F|  |TAMS 0x00000007b2500000, 0x00000007b2500000| Untracked 
| 806|0x00000007b2600000, 0x00000007b2600000, 0x00000007b2700000|  0%| F|  |TAMS 0x00000007b2600000, 0x00000007b2600000| Untracked 
| 807|0x00000007b2700000, 0x00000007b2700000, 0x00000007b2800000|  0%| F|  |TAMS 0x00000007b2700000, 0x00000007b2700000| Untracked 
| 808|0x00000007b2800000, 0x00000007b2800000, 0x00000007b2900000|  0%| F|  |TAMS 0x00000007b2800000, 0x00000007b2800000| Untracked 
| 809|0x00000007b2900000, 0x00000007b2900000, 0x00000007b2a00000|  0%| F|  |TAMS 0x00000007b2900000, 0x00000007b2900000| Untracked 
| 810|0x00000007b2a00000, 0x00000007b2a00000, 0x00000007b2b00000|  0%| F|  |TAMS 0x00000007b2a00000, 0x00000007b2a00000| Untracked 
| 811|0x00000007b2b00000, 0x00000007b2b00000, 0x00000007b2c00000|  0%| F|  |TAMS 0x00000007b2b00000, 0x00000007b2b00000| Untracked 
| 812|0x00000007b2c00000, 0x00000007b2c00000, 0x00000007b2d00000|  0%| F|  |TAMS 0x00000007b2c00000, 0x00000007b2c00000| Untracked 
| 813|0x00000007b2d00000, 0x00000007b2d00000, 0x00000007b2e00000|  0%| F|  |TAMS 0x00000007b2d00000, 0x00000007b2d00000| Untracked 
| 814|0x00000007b2e00000, 0x00000007b2e00000, 0x00000007b2f00000|  0%| F|  |TAMS 0x00000007b2e00000, 0x00000007b2e00000| Untracked 
| 815|0x00000007b2f00000, 0x00000007b2f00000, 0x00000007b3000000|  0%| F|  |TAMS 0x00000007b2f00000, 0x00000007b2f00000| Untracked 
| 816|0x00000007b3000000, 0x00000007b3000000, 0x00000007b3100000|  0%| F|  |TAMS 0x00000007b3000000, 0x00000007b3000000| Untracked 
| 817|0x00000007b3100000, 0x00000007b3100000, 0x00000007b3200000|  0%| F|  |TAMS 0x00000007b3100000, 0x00000007b3100000| Untracked 
| 818|0x00000007b3200000, 0x00000007b3200000, 0x00000007b3300000|  0%| F|  |TAMS 0x00000007b3200000, 0x00000007b3200000| Untracked 
| 819|0x00000007b3300000, 0x00000007b3300000, 0x00000007b3400000|  0%| F|  |TAMS 0x00000007b3300000, 0x00000007b3300000| Untracked 
| 820|0x00000007b3400000, 0x00000007b3400000, 0x00000007b3500000|  0%| F|  |TAMS 0x00000007b3400000, 0x00000007b3400000| Untracked 
| 821|0x00000007b3500000, 0x00000007b3500000, 0x00000007b3600000|  0%| F|  |TAMS 0x00000007b3500000, 0x00000007b3500000| Untracked 
| 822|0x00000007b3600000, 0x00000007b3600000, 0x00000007b3700000|  0%| F|  |TAMS 0x00000007b3600000, 0x00000007b3600000| Untracked 
| 823|0x00000007b3700000, 0x00000007b3700000, 0x00000007b3800000|  0%| F|  |TAMS 0x00000007b3700000, 0x00000007b3700000| Untracked 
| 824|0x00000007b3800000, 0x00000007b3800000, 0x00000007b3900000|  0%| F|  |TAMS 0x00000007b3800000, 0x00000007b3800000| Untracked 
| 825|0x00000007b3900000, 0x00000007b3900000, 0x00000007b3a00000|  0%| F|  |TAMS 0x00000007b3900000, 0x00000007b3900000| Untracked 
| 826|0x00000007b3a00000, 0x00000007b3a00000, 0x00000007b3b00000|  0%| F|  |TAMS 0x00000007b3a00000, 0x00000007b3a00000| Untracked 
| 827|0x00000007b3b00000, 0x00000007b3b00000, 0x00000007b3c00000|  0%| F|  |TAMS 0x00000007b3b00000, 0x00000007b3b00000| Untracked 
| 828|0x00000007b3c00000, 0x00000007b3c00000, 0x00000007b3d00000|  0%| F|  |TAMS 0x00000007b3c00000, 0x00000007b3c00000| Untracked 
| 829|0x00000007b3d00000, 0x00000007b3d00000, 0x00000007b3e00000|  0%| F|  |TAMS 0x00000007b3d00000, 0x00000007b3d00000| Untracked 
| 830|0x00000007b3e00000, 0x00000007b3e00000, 0x00000007b3f00000|  0%| F|  |TAMS 0x00000007b3e00000, 0x00000007b3e00000| Untracked 
| 831|0x00000007b3f00000, 0x00000007b3f00000, 0x00000007b4000000|  0%| F|  |TAMS 0x00000007b3f00000, 0x00000007b3f00000| Untracked 
| 832|0x00000007b4000000, 0x00000007b4000000, 0x00000007b4100000|  0%| F|  |TAMS 0x00000007b4000000, 0x00000007b4000000| Untracked 
| 833|0x00000007b4100000, 0x00000007b4100000, 0x00000007b4200000|  0%| F|  |TAMS 0x00000007b4100000, 0x00000007b4100000| Untracked 
| 834|0x00000007b4200000, 0x00000007b4200000, 0x00000007b4300000|  0%| F|  |TAMS 0x00000007b4200000, 0x00000007b4200000| Untracked 
| 835|0x00000007b4300000, 0x00000007b4300000, 0x00000007b4400000|  0%| F|  |TAMS 0x00000007b4300000, 0x00000007b4300000| Untracked 
| 836|0x00000007b4400000, 0x00000007b4400000, 0x00000007b4500000|  0%| F|  |TAMS 0x00000007b4400000, 0x00000007b4400000| Untracked 
| 837|0x00000007b4500000, 0x00000007b4500000, 0x00000007b4600000|  0%| F|  |TAMS 0x00000007b4500000, 0x00000007b4500000| Untracked 
| 838|0x00000007b4600000, 0x00000007b4600000, 0x00000007b4700000|  0%| F|  |TAMS 0x00000007b4600000, 0x00000007b4600000| Untracked 
| 839|0x00000007b4700000, 0x00000007b4700000, 0x00000007b4800000|  0%| F|  |TAMS 0x00000007b4700000, 0x00000007b4700000| Untracked 
| 840|0x00000007b4800000, 0x00000007b4800000, 0x00000007b4900000|  0%| F|  |TAMS 0x00000007b4800000, 0x00000007b4800000| Untracked 
| 841|0x00000007b4900000, 0x00000007b4900000, 0x00000007b4a00000|  0%| F|  |TAMS 0x00000007b4900000, 0x00000007b4900000| Untracked 
| 842|0x00000007b4a00000, 0x00000007b4a00000, 0x00000007b4b00000|  0%| F|  |TAMS 0x00000007b4a00000, 0x00000007b4a00000| Untracked 
| 843|0x00000007b4b00000, 0x00000007b4b00000, 0x00000007b4c00000|  0%| F|  |TAMS 0x00000007b4b00000, 0x00000007b4b00000| Untracked 
| 844|0x00000007b4c00000, 0x00000007b4c00000, 0x00000007b4d00000|  0%| F|  |TAMS 0x00000007b4c00000, 0x00000007b4c00000| Untracked 
| 845|0x00000007b4d00000, 0x00000007b4d00000, 0x00000007b4e00000|  0%| F|  |TAMS 0x00000007b4d00000, 0x00000007b4d00000| Untracked 
| 846|0x00000007b4e00000, 0x00000007b4e00000, 0x00000007b4f00000|  0%| F|  |TAMS 0x00000007b4e00000, 0x00000007b4e00000| Untracked 
| 847|0x00000007b4f00000, 0x00000007b4f00000, 0x00000007b5000000|  0%| F|  |TAMS 0x00000007b4f00000, 0x00000007b4f00000| Untracked 
| 848|0x00000007b5000000, 0x00000007b5000000, 0x00000007b5100000|  0%| F|  |TAMS 0x00000007b5000000, 0x00000007b5000000| Untracked 
| 849|0x00000007b5100000, 0x00000007b5100000, 0x00000007b5200000|  0%| F|  |TAMS 0x00000007b5100000, 0x00000007b5100000| Untracked 
| 850|0x00000007b5200000, 0x00000007b5200000, 0x00000007b5300000|  0%| F|  |TAMS 0x00000007b5200000, 0x00000007b5200000| Untracked 
| 851|0x00000007b5300000, 0x00000007b5300000, 0x00000007b5400000|  0%| F|  |TAMS 0x00000007b5300000, 0x00000007b5300000| Untracked 
| 852|0x00000007b5400000, 0x00000007b5400000, 0x00000007b5500000|  0%| F|  |TAMS 0x00000007b5400000, 0x00000007b5400000| Untracked 
| 853|0x00000007b5500000, 0x00000007b5500000, 0x00000007b5600000|  0%| F|  |TAMS 0x00000007b5500000, 0x00000007b5500000| Untracked 
| 854|0x00000007b5600000, 0x00000007b5600000, 0x00000007b5700000|  0%| F|  |TAMS 0x00000007b5600000, 0x00000007b5600000| Untracked 
| 855|0x00000007b5700000, 0x00000007b5700000, 0x00000007b5800000|  0%| F|  |TAMS 0x00000007b5700000, 0x00000007b5700000| Untracked 
| 856|0x00000007b5800000, 0x00000007b5800000, 0x00000007b5900000|  0%| F|  |TAMS 0x00000007b5800000, 0x00000007b5800000| Untracked 
| 857|0x00000007b5900000, 0x00000007b5900000, 0x00000007b5a00000|  0%| F|  |TAMS 0x00000007b5900000, 0x00000007b5900000| Untracked 
| 858|0x00000007b5a00000, 0x00000007b5a00000, 0x00000007b5b00000|  0%| F|  |TAMS 0x00000007b5a00000, 0x00000007b5a00000| Untracked 
| 859|0x00000007b5b00000, 0x00000007b5b00000, 0x00000007b5c00000|  0%| F|  |TAMS 0x00000007b5b00000, 0x00000007b5b00000| Untracked 
| 860|0x00000007b5c00000, 0x00000007b5c00000, 0x00000007b5d00000|  0%| F|  |TAMS 0x00000007b5c00000, 0x00000007b5c00000| Untracked 
| 861|0x00000007b5d00000, 0x00000007b5d00000, 0x00000007b5e00000|  0%| F|  |TAMS 0x00000007b5d00000, 0x00000007b5d00000| Untracked 
| 862|0x00000007b5e00000, 0x00000007b5e00000, 0x00000007b5f00000|  0%| F|  |TAMS 0x00000007b5e00000, 0x00000007b5e00000| Untracked 
| 863|0x00000007b5f00000, 0x00000007b5f00000, 0x00000007b6000000|  0%| F|  |TAMS 0x00000007b5f00000, 0x00000007b5f00000| Untracked 
| 864|0x00000007b6000000, 0x00000007b6000000, 0x00000007b6100000|  0%| F|  |TAMS 0x00000007b6000000, 0x00000007b6000000| Untracked 
| 865|0x00000007b6100000, 0x00000007b6100000, 0x00000007b6200000|  0%| F|  |TAMS 0x00000007b6100000, 0x00000007b6100000| Untracked 
| 866|0x00000007b6200000, 0x00000007b6200000, 0x00000007b6300000|  0%| F|  |TAMS 0x00000007b6200000, 0x00000007b6200000| Untracked 
| 867|0x00000007b6300000, 0x00000007b6300000, 0x00000007b6400000|  0%| F|  |TAMS 0x00000007b6300000, 0x00000007b6300000| Untracked 
| 868|0x00000007b6400000, 0x00000007b6400000, 0x00000007b6500000|  0%| F|  |TAMS 0x00000007b6400000, 0x00000007b6400000| Untracked 
| 869|0x00000007b6500000, 0x00000007b6500000, 0x00000007b6600000|  0%| F|  |TAMS 0x00000007b6500000, 0x00000007b6500000| Untracked 
| 870|0x00000007b6600000, 0x00000007b6600000, 0x00000007b6700000|  0%| F|  |TAMS 0x00000007b6600000, 0x00000007b6600000| Untracked 
| 871|0x00000007b6700000, 0x00000007b6700000, 0x00000007b6800000|  0%| F|  |TAMS 0x00000007b6700000, 0x00000007b6700000| Untracked 
| 872|0x00000007b6800000, 0x00000007b6800000, 0x00000007b6900000|  0%| F|  |TAMS 0x00000007b6800000, 0x00000007b6800000| Untracked 
| 873|0x00000007b6900000, 0x00000007b6900000, 0x00000007b6a00000|  0%| F|  |TAMS 0x00000007b6900000, 0x00000007b6900000| Untracked 
| 874|0x00000007b6a00000, 0x00000007b6a00000, 0x00000007b6b00000|  0%| F|  |TAMS 0x00000007b6a00000, 0x00000007b6a00000| Untracked 
| 875|0x00000007b6b00000, 0x00000007b6b00000, 0x00000007b6c00000|  0%| F|  |TAMS 0x00000007b6b00000, 0x00000007b6b00000| Untracked 
| 876|0x00000007b6c00000, 0x00000007b6c00000, 0x00000007b6d00000|  0%| F|  |TAMS 0x00000007b6c00000, 0x00000007b6c00000| Untracked 
| 877|0x00000007b6d00000, 0x00000007b6d00000, 0x00000007b6e00000|  0%| F|  |TAMS 0x00000007b6d00000, 0x00000007b6d00000| Untracked 
| 878|0x00000007b6e00000, 0x00000007b6e00000, 0x00000007b6f00000|  0%| F|  |TAMS 0x00000007b6e00000, 0x00000007b6e00000| Untracked 
| 879|0x00000007b6f00000, 0x00000007b6f00000, 0x00000007b7000000|  0%| F|  |TAMS 0x00000007b6f00000, 0x00000007b6f00000| Untracked 
| 880|0x00000007b7000000, 0x00000007b7000000, 0x00000007b7100000|  0%| F|  |TAMS 0x00000007b7000000, 0x00000007b7000000| Untracked 
| 881|0x00000007b7100000, 0x00000007b7100000, 0x00000007b7200000|  0%| F|  |TAMS 0x00000007b7100000, 0x00000007b7100000| Untracked 
| 882|0x00000007b7200000, 0x00000007b7200000, 0x00000007b7300000|  0%| F|  |TAMS 0x00000007b7200000, 0x00000007b7200000| Untracked 
| 883|0x00000007b7300000, 0x00000007b7300000, 0x00000007b7400000|  0%| F|  |TAMS 0x00000007b7300000, 0x00000007b7300000| Untracked 
| 884|0x00000007b7400000, 0x00000007b7400000, 0x00000007b7500000|  0%| F|  |TAMS 0x00000007b7400000, 0x00000007b7400000| Untracked 
| 885|0x00000007b7500000, 0x00000007b7500000, 0x00000007b7600000|  0%| F|  |TAMS 0x00000007b7500000, 0x00000007b7500000| Untracked 
| 886|0x00000007b7600000, 0x00000007b7600000, 0x00000007b7700000|  0%| F|  |TAMS 0x00000007b7600000, 0x00000007b7600000| Untracked 
| 887|0x00000007b7700000, 0x00000007b7700000, 0x00000007b7800000|  0%| F|  |TAMS 0x00000007b7700000, 0x00000007b7700000| Untracked 
| 888|0x00000007b7800000, 0x00000007b7800000, 0x00000007b7900000|  0%| F|  |TAMS 0x00000007b7800000, 0x00000007b7800000| Untracked 
| 889|0x00000007b7900000, 0x00000007b7900000, 0x00000007b7a00000|  0%| F|  |TAMS 0x00000007b7900000, 0x00000007b7900000| Untracked 
| 890|0x00000007b7a00000, 0x00000007b7a00000, 0x00000007b7b00000|  0%| F|  |TAMS 0x00000007b7a00000, 0x00000007b7a00000| Untracked 
| 891|0x00000007b7b00000, 0x00000007b7b00000, 0x00000007b7c00000|  0%| F|  |TAMS 0x00000007b7b00000, 0x00000007b7b00000| Untracked 
| 892|0x00000007b7c00000, 0x00000007b7c00000, 0x00000007b7d00000|  0%| F|  |TAMS 0x00000007b7c00000, 0x00000007b7c00000| Untracked 
| 893|0x00000007b7d00000, 0x00000007b7d00000, 0x00000007b7e00000|  0%| F|  |TAMS 0x00000007b7d00000, 0x00000007b7d00000| Untracked 
| 894|0x00000007b7e00000, 0x00000007b7e00000, 0x00000007b7f00000|  0%| F|  |TAMS 0x00000007b7e00000, 0x00000007b7e00000| Untracked 
| 895|0x00000007b7f00000, 0x00000007b7f00000, 0x00000007b8000000|  0%| F|  |TAMS 0x00000007b7f00000, 0x00000007b7f00000| Untracked 
| 896|0x00000007b8000000, 0x00000007b8000000, 0x00000007b8100000|  0%| F|  |TAMS 0x00000007b8000000, 0x00000007b8000000| Untracked 
| 897|0x00000007b8100000, 0x00000007b8100000, 0x00000007b8200000|  0%| F|  |TAMS 0x00000007b8100000, 0x00000007b8100000| Untracked 
| 898|0x00000007b8200000, 0x00000007b8200000, 0x00000007b8300000|  0%| F|  |TAMS 0x00000007b8200000, 0x00000007b8200000| Untracked 
| 899|0x00000007b8300000, 0x00000007b8300000, 0x00000007b8400000|  0%| F|  |TAMS 0x00000007b8300000, 0x00000007b8300000| Untracked 
| 900|0x00000007b8400000, 0x00000007b8400000, 0x00000007b8500000|  0%| F|  |TAMS 0x00000007b8400000, 0x00000007b8400000| Untracked 
| 901|0x00000007b8500000, 0x00000007b8500000, 0x00000007b8600000|  0%| F|  |TAMS 0x00000007b8500000, 0x00000007b8500000| Untracked 
| 902|0x00000007b8600000, 0x00000007b8600000, 0x00000007b8700000|  0%| F|  |TAMS 0x00000007b8600000, 0x00000007b8600000| Untracked 
| 903|0x00000007b8700000, 0x00000007b8700000, 0x00000007b8800000|  0%| F|  |TAMS 0x00000007b8700000, 0x00000007b8700000| Untracked 
| 904|0x00000007b8800000, 0x00000007b8800000, 0x00000007b8900000|  0%| F|  |TAMS 0x00000007b8800000, 0x00000007b8800000| Untracked 
| 905|0x00000007b8900000, 0x00000007b8900000, 0x00000007b8a00000|  0%| F|  |TAMS 0x00000007b8900000, 0x00000007b8900000| Untracked 
| 906|0x00000007b8a00000, 0x00000007b8a00000, 0x00000007b8b00000|  0%| F|  |TAMS 0x00000007b8a00000, 0x00000007b8a00000| Untracked 
| 907|0x00000007b8b00000, 0x00000007b8b00000, 0x00000007b8c00000|  0%| F|  |TAMS 0x00000007b8b00000, 0x00000007b8b00000| Untracked 
| 908|0x00000007b8c00000, 0x00000007b8c00000, 0x00000007b8d00000|  0%| F|  |TAMS 0x00000007b8c00000, 0x00000007b8c00000| Untracked 
| 909|0x00000007b8d00000, 0x00000007b8d00000, 0x00000007b8e00000|  0%| F|  |TAMS 0x00000007b8d00000, 0x00000007b8d00000| Untracked 
| 910|0x00000007b8e00000, 0x00000007b8e00000, 0x00000007b8f00000|  0%| F|  |TAMS 0x00000007b8e00000, 0x00000007b8e00000| Untracked 
| 911|0x00000007b8f00000, 0x00000007b8f00000, 0x00000007b9000000|  0%| F|  |TAMS 0x00000007b8f00000, 0x00000007b8f00000| Untracked 
| 912|0x00000007b9000000, 0x00000007b9000000, 0x00000007b9100000|  0%| F|  |TAMS 0x00000007b9000000, 0x00000007b9000000| Untracked 
| 913|0x00000007b9100000, 0x00000007b9100000, 0x00000007b9200000|  0%| F|  |TAMS 0x00000007b9100000, 0x00000007b9100000| Untracked 
| 914|0x00000007b9200000, 0x00000007b9200000, 0x00000007b9300000|  0%| F|  |TAMS 0x00000007b9200000, 0x00000007b9200000| Untracked 
| 915|0x00000007b9300000, 0x00000007b9300000, 0x00000007b9400000|  0%| F|  |TAMS 0x00000007b9300000, 0x00000007b9300000| Untracked 
| 916|0x00000007b9400000, 0x00000007b9400000, 0x00000007b9500000|  0%| F|  |TAMS 0x00000007b9400000, 0x00000007b9400000| Untracked 
| 917|0x00000007b9500000, 0x00000007b9500000, 0x00000007b9600000|  0%| F|  |TAMS 0x00000007b9500000, 0x00000007b9500000| Untracked 
| 918|0x00000007b9600000, 0x00000007b9600000, 0x00000007b9700000|  0%| F|  |TAMS 0x00000007b9600000, 0x00000007b9600000| Untracked 
| 919|0x00000007b9700000, 0x00000007b9700000, 0x00000007b9800000|  0%| F|  |TAMS 0x00000007b9700000, 0x00000007b9700000| Untracked 
| 920|0x00000007b9800000, 0x00000007b9800000, 0x00000007b9900000|  0%| F|  |TAMS 0x00000007b9800000, 0x00000007b9800000| Untracked 
| 921|0x00000007b9900000, 0x00000007b9900000, 0x00000007b9a00000|  0%| F|  |TAMS 0x00000007b9900000, 0x00000007b9900000| Untracked 
| 922|0x00000007b9a00000, 0x00000007b9a00000, 0x00000007b9b00000|  0%| F|  |TAMS 0x00000007b9a00000, 0x00000007b9a00000| Untracked 
| 923|0x00000007b9b00000, 0x00000007b9b00000, 0x00000007b9c00000|  0%| F|  |TAMS 0x00000007b9b00000, 0x00000007b9b00000| Untracked 
| 924|0x00000007b9c00000, 0x00000007b9c00000, 0x00000007b9d00000|  0%| F|  |TAMS 0x00000007b9c00000, 0x00000007b9c00000| Untracked 
| 925|0x00000007b9d00000, 0x00000007b9d00000, 0x00000007b9e00000|  0%| F|  |TAMS 0x00000007b9d00000, 0x00000007b9d00000| Untracked 
| 926|0x00000007b9e00000, 0x00000007b9e00000, 0x00000007b9f00000|  0%| F|  |TAMS 0x00000007b9e00000, 0x00000007b9e00000| Untracked 
| 927|0x00000007b9f00000, 0x00000007b9f00000, 0x00000007ba000000|  0%| F|  |TAMS 0x00000007b9f00000, 0x00000007b9f00000| Untracked 
| 928|0x00000007ba000000, 0x00000007ba000000, 0x00000007ba100000|  0%| F|  |TAMS 0x00000007ba000000, 0x00000007ba000000| Untracked 
| 929|0x00000007ba100000, 0x00000007ba100000, 0x00000007ba200000|  0%| F|  |TAMS 0x00000007ba100000, 0x00000007ba100000| Untracked 
| 930|0x00000007ba200000, 0x00000007ba200000, 0x00000007ba300000|  0%| F|  |TAMS 0x00000007ba200000, 0x00000007ba200000| Untracked 
| 931|0x00000007ba300000, 0x00000007ba300000, 0x00000007ba400000|  0%| F|  |TAMS 0x00000007ba300000, 0x00000007ba300000| Untracked 
| 932|0x00000007ba400000, 0x00000007ba400000, 0x00000007ba500000|  0%| F|  |TAMS 0x00000007ba400000, 0x00000007ba400000| Untracked 
| 933|0x00000007ba500000, 0x00000007ba500000, 0x00000007ba600000|  0%| F|  |TAMS 0x00000007ba500000, 0x00000007ba500000| Untracked 
| 934|0x00000007ba600000, 0x00000007ba600000, 0x00000007ba700000|  0%| F|  |TAMS 0x00000007ba600000, 0x00000007ba600000| Untracked 
| 935|0x00000007ba700000, 0x00000007ba700000, 0x00000007ba800000|  0%| F|  |TAMS 0x00000007ba700000, 0x00000007ba700000| Untracked 
| 936|0x00000007ba800000, 0x00000007ba800000, 0x00000007ba900000|  0%| F|  |TAMS 0x00000007ba800000, 0x00000007ba800000| Untracked 
| 937|0x00000007ba900000, 0x00000007ba900000, 0x00000007baa00000|  0%| F|  |TAMS 0x00000007ba900000, 0x00000007ba900000| Untracked 
| 938|0x00000007baa00000, 0x00000007baa00000, 0x00000007bab00000|  0%| F|  |TAMS 0x00000007baa00000, 0x00000007baa00000| Untracked 
| 939|0x00000007bab00000, 0x00000007bab00000, 0x00000007bac00000|  0%| F|  |TAMS 0x00000007bab00000, 0x00000007bab00000| Untracked 
| 940|0x00000007bac00000, 0x00000007bac00000, 0x00000007bad00000|  0%| F|  |TAMS 0x00000007bac00000, 0x00000007bac00000| Untracked 
| 941|0x00000007bad00000, 0x00000007bad00000, 0x00000007bae00000|  0%| F|  |TAMS 0x00000007bad00000, 0x00000007bad00000| Untracked 
| 942|0x00000007bae00000, 0x00000007bae00000, 0x00000007baf00000|  0%| F|  |TAMS 0x00000007bae00000, 0x00000007bae00000| Untracked 
| 943|0x00000007baf00000, 0x00000007baf00000, 0x00000007bb000000|  0%| F|  |TAMS 0x00000007baf00000, 0x00000007baf00000| Untracked 
| 944|0x00000007bb000000, 0x00000007bb000000, 0x00000007bb100000|  0%| F|  |TAMS 0x00000007bb000000, 0x00000007bb000000| Untracked 
| 945|0x00000007bb100000, 0x00000007bb100000, 0x00000007bb200000|  0%| F|  |TAMS 0x00000007bb100000, 0x00000007bb100000| Untracked 
| 946|0x00000007bb200000, 0x00000007bb200000, 0x00000007bb300000|  0%| F|  |TAMS 0x00000007bb200000, 0x00000007bb200000| Untracked 
| 947|0x00000007bb300000, 0x00000007bb300000, 0x00000007bb400000|  0%| F|  |TAMS 0x00000007bb300000, 0x00000007bb300000| Untracked 
| 948|0x00000007bb400000, 0x00000007bb400000, 0x00000007bb500000|  0%| F|  |TAMS 0x00000007bb400000, 0x00000007bb400000| Untracked 
| 949|0x00000007bb500000, 0x00000007bb500000, 0x00000007bb600000|  0%| F|  |TAMS 0x00000007bb500000, 0x00000007bb500000| Untracked 
| 950|0x00000007bb600000, 0x00000007bb600000, 0x00000007bb700000|  0%| F|  |TAMS 0x00000007bb600000, 0x00000007bb600000| Untracked 
| 951|0x00000007bb700000, 0x00000007bb700000, 0x00000007bb800000|  0%| F|  |TAMS 0x00000007bb700000, 0x00000007bb700000| Untracked 
| 952|0x00000007bb800000, 0x00000007bb800000, 0x00000007bb900000|  0%| F|  |TAMS 0x00000007bb800000, 0x00000007bb800000| Untracked 
| 953|0x00000007bb900000, 0x00000007bb900000, 0x00000007bba00000|  0%| F|  |TAMS 0x00000007bb900000, 0x00000007bb900000| Untracked 
| 954|0x00000007bba00000, 0x00000007bba00000, 0x00000007bbb00000|  0%| F|  |TAMS 0x00000007bba00000, 0x00000007bba00000| Untracked 
| 955|0x00000007bbb00000, 0x00000007bbb00000, 0x00000007bbc00000|  0%| F|  |TAMS 0x00000007bbb00000, 0x00000007bbb00000| Untracked 
| 956|0x00000007bbc00000, 0x00000007bbc00000, 0x00000007bbd00000|  0%| F|  |TAMS 0x00000007bbc00000, 0x00000007bbc00000| Untracked 
| 957|0x00000007bbd00000, 0x00000007bbd00000, 0x00000007bbe00000|  0%| F|  |TAMS 0x00000007bbd00000, 0x00000007bbd00000| Untracked 
| 958|0x00000007bbe00000, 0x00000007bbe00000, 0x00000007bbf00000|  0%| F|  |TAMS 0x00000007bbe00000, 0x00000007bbe00000| Untracked 
| 959|0x00000007bbf00000, 0x00000007bbf00000, 0x00000007bc000000|  0%| F|  |TAMS 0x00000007bbf00000, 0x00000007bbf00000| Untracked 
| 960|0x00000007bc000000, 0x00000007bc000000, 0x00000007bc100000|  0%| F|  |TAMS 0x00000007bc000000, 0x00000007bc000000| Untracked 
| 961|0x00000007bc100000, 0x00000007bc100000, 0x00000007bc200000|  0%| F|  |TAMS 0x00000007bc100000, 0x00000007bc100000| Untracked 
| 962|0x00000007bc200000, 0x00000007bc200000, 0x00000007bc300000|  0%| F|  |TAMS 0x00000007bc200000, 0x00000007bc200000| Untracked 
| 963|0x00000007bc300000, 0x00000007bc300000, 0x00000007bc400000|  0%| F|  |TAMS 0x00000007bc300000, 0x00000007bc300000| Untracked 
| 964|0x00000007bc400000, 0x00000007bc400000, 0x00000007bc500000|  0%| F|  |TAMS 0x00000007bc400000, 0x00000007bc400000| Untracked 
| 965|0x00000007bc500000, 0x00000007bc500000, 0x00000007bc600000|  0%| F|  |TAMS 0x00000007bc500000, 0x00000007bc500000| Untracked 
| 966|0x00000007bc600000, 0x00000007bc600000, 0x00000007bc700000|  0%| F|  |TAMS 0x00000007bc600000, 0x00000007bc600000| Untracked 
| 967|0x00000007bc700000, 0x00000007bc700000, 0x00000007bc800000|  0%| F|  |TAMS 0x00000007bc700000, 0x00000007bc700000| Untracked 
| 968|0x00000007bc800000, 0x00000007bc800000, 0x00000007bc900000|  0%| F|  |TAMS 0x00000007bc800000, 0x00000007bc800000| Untracked 
| 969|0x00000007bc900000, 0x00000007bc900000, 0x00000007bca00000|  0%| F|  |TAMS 0x00000007bc900000, 0x00000007bc900000| Untracked 
| 970|0x00000007bca00000, 0x00000007bca00000, 0x00000007bcb00000|  0%| F|  |TAMS 0x00000007bca00000, 0x00000007bca00000| Untracked 
| 971|0x00000007bcb00000, 0x00000007bcb00000, 0x00000007bcc00000|  0%| F|  |TAMS 0x00000007bcb00000, 0x00000007bcb00000| Untracked 
| 972|0x00000007bcc00000, 0x00000007bcc00000, 0x00000007bcd00000|  0%| F|  |TAMS 0x00000007bcc00000, 0x00000007bcc00000| Untracked 
| 973|0x00000007bcd00000, 0x00000007bcd00000, 0x00000007bce00000|  0%| F|  |TAMS 0x00000007bcd00000, 0x00000007bcd00000| Untracked 
| 974|0x00000007bce00000, 0x00000007bce00000, 0x00000007bcf00000|  0%| F|  |TAMS 0x00000007bce00000, 0x00000007bce00000| Untracked 
| 975|0x00000007bcf00000, 0x00000007bcf00000, 0x00000007bd000000|  0%| F|  |TAMS 0x00000007bcf00000, 0x00000007bcf00000| Untracked 
| 976|0x00000007bd000000, 0x00000007bd000000, 0x00000007bd100000|  0%| F|  |TAMS 0x00000007bd000000, 0x00000007bd000000| Untracked 
| 977|0x00000007bd100000, 0x00000007bd100000, 0x00000007bd200000|  0%| F|  |TAMS 0x00000007bd100000, 0x00000007bd100000| Untracked 
| 978|0x00000007bd200000, 0x00000007bd200000, 0x00000007bd300000|  0%| F|  |TAMS 0x00000007bd200000, 0x00000007bd200000| Untracked 
| 979|0x00000007bd300000, 0x00000007bd300000, 0x00000007bd400000|  0%| F|  |TAMS 0x00000007bd300000, 0x00000007bd300000| Untracked 
| 980|0x00000007bd400000, 0x00000007bd400000, 0x00000007bd500000|  0%| F|  |TAMS 0x00000007bd400000, 0x00000007bd400000| Untracked 
| 981|0x00000007bd500000, 0x00000007bd500000, 0x00000007bd600000|  0%| F|  |TAMS 0x00000007bd500000, 0x00000007bd500000| Untracked 
| 982|0x00000007bd600000, 0x00000007bd600000, 0x00000007bd700000|  0%| F|  |TAMS 0x00000007bd600000, 0x00000007bd600000| Untracked 
| 983|0x00000007bd700000, 0x00000007bd700000, 0x00000007bd800000|  0%| F|  |TAMS 0x00000007bd700000, 0x00000007bd700000| Untracked 
| 984|0x00000007bd800000, 0x00000007bd800000, 0x00000007bd900000|  0%| F|  |TAMS 0x00000007bd800000, 0x00000007bd800000| Untracked 
| 985|0x00000007bd900000, 0x00000007bd900000, 0x00000007bda00000|  0%| F|  |TAMS 0x00000007bd900000, 0x00000007bd900000| Untracked 
| 986|0x00000007bda00000, 0x00000007bda00000, 0x00000007bdb00000|  0%| F|  |TAMS 0x00000007bda00000, 0x00000007bda00000| Untracked 
| 987|0x00000007bdb00000, 0x00000007bdb00000, 0x00000007bdc00000|  0%| F|  |TAMS 0x00000007bdb00000, 0x00000007bdb00000| Untracked 
| 988|0x00000007bdc00000, 0x00000007bdc00000, 0x00000007bdd00000|  0%| F|  |TAMS 0x00000007bdc00000, 0x00000007bdc00000| Untracked 
| 989|0x00000007bdd00000, 0x00000007bdd00000, 0x00000007bde00000|  0%| F|  |TAMS 0x00000007bdd00000, 0x00000007bdd00000| Untracked 
| 990|0x00000007bde00000, 0x00000007bde00000, 0x00000007bdf00000|  0%| F|  |TAMS 0x00000007bde00000, 0x00000007bde00000| Untracked 
| 991|0x00000007bdf00000, 0x00000007bdf00000, 0x00000007be000000|  0%| F|  |TAMS 0x00000007bdf00000, 0x00000007bdf00000| Untracked 
| 992|0x00000007be000000, 0x00000007be000000, 0x00000007be100000|  0%| F|  |TAMS 0x00000007be000000, 0x00000007be000000| Untracked 
| 993|0x00000007be100000, 0x00000007be100000, 0x00000007be200000|  0%| F|  |TAMS 0x00000007be100000, 0x00000007be100000| Untracked 
| 994|0x00000007be200000, 0x00000007be200000, 0x00000007be300000|  0%| F|  |TAMS 0x00000007be200000, 0x00000007be200000| Untracked 
| 995|0x00000007be300000, 0x00000007be300000, 0x00000007be400000|  0%| F|  |TAMS 0x00000007be300000, 0x00000007be300000| Untracked 
| 996|0x00000007be400000, 0x00000007be400000, 0x00000007be500000|  0%| F|  |TAMS 0x00000007be400000, 0x00000007be400000| Untracked 
| 997|0x00000007be500000, 0x00000007be500000, 0x00000007be600000|  0%| F|  |TAMS 0x00000007be500000, 0x00000007be500000| Untracked 
| 998|0x00000007be600000, 0x00000007be600000, 0x00000007be700000|  0%| F|  |TAMS 0x00000007be600000, 0x00000007be600000| Untracked 
| 999|0x00000007be700000, 0x00000007be700000, 0x00000007be800000|  0%| F|  |TAMS 0x00000007be700000, 0x00000007be700000| Untracked 
|1000|0x00000007be800000, 0x00000007be800000, 0x00000007be900000|  0%| F|  |TAMS 0x00000007be800000, 0x00000007be800000| Untracked 
|1001|0x00000007be900000, 0x00000007be900000, 0x00000007bea00000|  0%| F|  |TAMS 0x00000007be900000, 0x00000007be900000| Untracked 
|1002|0x00000007bea00000, 0x00000007bea00000, 0x00000007beb00000|  0%| F|  |TAMS 0x00000007bea00000, 0x00000007bea00000| Untracked 
|1003|0x00000007beb00000, 0x00000007beb00000, 0x00000007bec00000|  0%| F|  |TAMS 0x00000007beb00000, 0x00000007beb00000| Untracked 
|1004|0x00000007bec00000, 0x00000007bec00000, 0x00000007bed00000|  0%| F|  |TAMS 0x00000007bec00000, 0x00000007bec00000| Untracked 
|1005|0x00000007bed00000, 0x00000007bed00000, 0x00000007bee00000|  0%| F|  |TAMS 0x00000007bed00000, 0x00000007bed00000| Untracked 
|1006|0x00000007bee00000, 0x00000007bee00000, 0x00000007bef00000|  0%| F|  |TAMS 0x00000007bee00000, 0x00000007bee00000| Untracked 
|1007|0x00000007bef00000, 0x00000007bef00000, 0x00000007bf000000|  0%| F|  |TAMS 0x00000007bef00000, 0x00000007bef00000| Untracked 
|1008|0x00000007bf000000, 0x00000007bf000000, 0x00000007bf100000|  0%| F|  |TAMS 0x00000007bf000000, 0x00000007bf000000| Untracked 
|1009|0x00000007bf100000, 0x00000007bf100000, 0x00000007bf200000|  0%| F|  |TAMS 0x00000007bf100000, 0x00000007bf100000| Untracked 
|1010|0x00000007bf200000, 0x00000007bf200000, 0x00000007bf300000|  0%| F|  |TAMS 0x00000007bf200000, 0x00000007bf200000| Untracked 
|1011|0x00000007bf300000, 0x00000007bf300000, 0x00000007bf400000|  0%| F|  |TAMS 0x00000007bf300000, 0x00000007bf300000| Untracked 
|1012|0x00000007bf400000, 0x00000007bf400000, 0x00000007bf500000|  0%| F|  |TAMS 0x00000007bf400000, 0x00000007bf400000| Untracked 
|1013|0x00000007bf500000, 0x00000007bf500000, 0x00000007bf600000|  0%| F|  |TAMS 0x00000007bf500000, 0x00000007bf500000| Untracked 
|1014|0x00000007bf600000, 0x00000007bf600000, 0x00000007bf700000|  0%| F|  |TAMS 0x00000007bf600000, 0x00000007bf600000| Untracked 
|1015|0x00000007bf700000, 0x00000007bf700000, 0x00000007bf800000|  0%| F|  |TAMS 0x00000007bf700000, 0x00000007bf700000| Untracked 
|1016|0x00000007bf800000, 0x00000007bf800000, 0x00000007bf900000|  0%| F|  |TAMS 0x00000007bf800000, 0x00000007bf800000| Untracked 
|1017|0x00000007bf900000, 0x00000007bf900000, 0x00000007bfa00000|  0%| F|  |TAMS 0x00000007bf900000, 0x00000007bf900000| Untracked 
|1018|0x00000007bfa00000, 0x00000007bfa00000, 0x00000007bfb00000|  0%| F|  |TAMS 0x00000007bfa00000, 0x00000007bfa00000| Untracked 
|1019|0x00000007bfb00000, 0x00000007bfb00000, 0x00000007bfc00000|  0%| F|  |TAMS 0x00000007bfb00000, 0x00000007bfb00000| Untracked 
|1020|0x00000007bfc00000, 0x00000007bfc00000, 0x00000007bfd00000|  0%| F|  |TAMS 0x00000007bfc00000, 0x00000007bfc00000| Untracked 
|1021|0x00000007bfd00000, 0x00000007bfd00000, 0x00000007bfe00000|  0%| F|  |TAMS 0x00000007bfd00000, 0x00000007bfd00000| Untracked 
|1022|0x00000007bfe00000, 0x00000007bfe00000, 0x00000007bff00000|  0%| F|  |TAMS 0x00000007bfe00000, 0x00000007bfe00000| Untracked 
|1023|0x00000007bff00000, 0x00000007bff00000, 0x00000007c0000000|  0%| F|  |TAMS 0x00000007bff00000, 0x00000007bff00000| Untracked 
|1024|0x00000007c0000000, 0x00000007c0000000, 0x00000007c0100000|  0%| F|  |TAMS 0x00000007c0000000, 0x00000007c0000000| Untracked 
|1025|0x00000007c0100000, 0x00000007c0100000, 0x00000007c0200000|  0%| F|  |TAMS 0x00000007c0100000, 0x00000007c0100000| Untracked 
|1026|0x00000007c0200000, 0x00000007c0200000, 0x00000007c0300000|  0%| F|  |TAMS 0x00000007c0200000, 0x00000007c0200000| Untracked 
|1027|0x00000007c0300000, 0x00000007c0300000, 0x00000007c0400000|  0%| F|  |TAMS 0x00000007c0300000, 0x00000007c0300000| Untracked 
|1028|0x00000007c0400000, 0x00000007c0400000, 0x00000007c0500000|  0%| F|  |TAMS 0x00000007c0400000, 0x00000007c0400000| Untracked 
|1029|0x00000007c0500000, 0x00000007c0500000, 0x00000007c0600000|  0%| F|  |TAMS 0x00000007c0500000, 0x00000007c0500000| Untracked 
|1030|0x00000007c0600000, 0x00000007c0600000, 0x00000007c0700000|  0%| F|  |TAMS 0x00000007c0600000, 0x00000007c0600000| Untracked 
|1031|0x00000007c0700000, 0x00000007c0700000, 0x00000007c0800000|  0%| F|  |TAMS 0x00000007c0700000, 0x00000007c0700000| Untracked 
|1032|0x00000007c0800000, 0x00000007c0800000, 0x00000007c0900000|  0%| F|  |TAMS 0x00000007c0800000, 0x00000007c0800000| Untracked 
|1033|0x00000007c0900000, 0x00000007c0900000, 0x00000007c0a00000|  0%| F|  |TAMS 0x00000007c0900000, 0x00000007c0900000| Untracked 
|1034|0x00000007c0a00000, 0x00000007c0a00000, 0x00000007c0b00000|  0%| F|  |TAMS 0x00000007c0a00000, 0x00000007c0a00000| Untracked 
|1035|0x00000007c0b00000, 0x00000007c0b00000, 0x00000007c0c00000|  0%| F|  |TAMS 0x00000007c0b00000, 0x00000007c0b00000| Untracked 
|1036|0x00000007c0c00000, 0x00000007c0c00000, 0x00000007c0d00000|  0%| F|  |TAMS 0x00000007c0c00000, 0x00000007c0c00000| Untracked 
|1037|0x00000007c0d00000, 0x00000007c0d00000, 0x00000007c0e00000|  0%| F|  |TAMS 0x00000007c0d00000, 0x00000007c0d00000| Untracked 
|1038|0x00000007c0e00000, 0x00000007c0e00000, 0x00000007c0f00000|  0%| F|  |TAMS 0x00000007c0e00000, 0x00000007c0e00000| Untracked 
|1039|0x00000007c0f00000, 0x00000007c0f00000, 0x00000007c1000000|  0%| F|  |TAMS 0x00000007c0f00000, 0x00000007c0f00000| Untracked 
|1040|0x00000007c1000000, 0x00000007c1000000, 0x00000007c1100000|  0%| F|  |TAMS 0x00000007c1000000, 0x00000007c1000000| Untracked 
|1041|0x00000007c1100000, 0x00000007c1100000, 0x00000007c1200000|  0%| F|  |TAMS 0x00000007c1100000, 0x00000007c1100000| Untracked 
|1042|0x00000007c1200000, 0x00000007c1200000, 0x00000007c1300000|  0%| F|  |TAMS 0x00000007c1200000, 0x00000007c1200000| Untracked 
|1043|0x00000007c1300000, 0x00000007c1300000, 0x00000007c1400000|  0%| F|  |TAMS 0x00000007c1300000, 0x00000007c1300000| Untracked 
|1044|0x00000007c1400000, 0x00000007c1400000, 0x00000007c1500000|  0%| F|  |TAMS 0x00000007c1400000, 0x00000007c1400000| Untracked 
|1045|0x00000007c1500000, 0x00000007c1500000, 0x00000007c1600000|  0%| F|  |TAMS 0x00000007c1500000, 0x00000007c1500000| Untracked 
|1046|0x00000007c1600000, 0x00000007c1600000, 0x00000007c1700000|  0%| F|  |TAMS 0x00000007c1600000, 0x00000007c1600000| Untracked 
|1047|0x00000007c1700000, 0x00000007c1700000, 0x00000007c1800000|  0%| F|  |TAMS 0x00000007c1700000, 0x00000007c1700000| Untracked 
|1048|0x00000007c1800000, 0x00000007c1800000, 0x00000007c1900000|  0%| F|  |TAMS 0x00000007c1800000, 0x00000007c1800000| Untracked 
|1049|0x00000007c1900000, 0x00000007c1900000, 0x00000007c1a00000|  0%| F|  |TAMS 0x00000007c1900000, 0x00000007c1900000| Untracked 
|1050|0x00000007c1a00000, 0x00000007c1a00000, 0x00000007c1b00000|  0%| F|  |TAMS 0x00000007c1a00000, 0x00000007c1a00000| Untracked 
|1051|0x00000007c1b00000, 0x00000007c1b00000, 0x00000007c1c00000|  0%| F|  |TAMS 0x00000007c1b00000, 0x00000007c1b00000| Untracked 
|1052|0x00000007c1c00000, 0x00000007c1c00000, 0x00000007c1d00000|  0%| F|  |TAMS 0x00000007c1c00000, 0x00000007c1c00000| Untracked 
|1053|0x00000007c1d00000, 0x00000007c1d00000, 0x00000007c1e00000|  0%| F|  |TAMS 0x00000007c1d00000, 0x00000007c1d00000| Untracked 
|1054|0x00000007c1e00000, 0x00000007c1e00000, 0x00000007c1f00000|  0%| F|  |TAMS 0x00000007c1e00000, 0x00000007c1e00000| Untracked 
|1055|0x00000007c1f00000, 0x00000007c1f00000, 0x00000007c2000000|  0%| F|  |TAMS 0x00000007c1f00000, 0x00000007c1f00000| Untracked 
|1056|0x00000007c2000000, 0x00000007c2000000, 0x00000007c2100000|  0%| F|  |TAMS 0x00000007c2000000, 0x00000007c2000000| Untracked 
|1057|0x00000007c2100000, 0x00000007c2100000, 0x00000007c2200000|  0%| F|  |TAMS 0x00000007c2100000, 0x00000007c2100000| Untracked 
|1058|0x00000007c2200000, 0x00000007c2200000, 0x00000007c2300000|  0%| F|  |TAMS 0x00000007c2200000, 0x00000007c2200000| Untracked 
|1059|0x00000007c2300000, 0x00000007c2300000, 0x00000007c2400000|  0%| F|  |TAMS 0x00000007c2300000, 0x00000007c2300000| Untracked 
|1060|0x00000007c2400000, 0x00000007c2400000, 0x00000007c2500000|  0%| F|  |TAMS 0x00000007c2400000, 0x00000007c2400000| Untracked 
|1061|0x00000007c2500000, 0x00000007c2500000, 0x00000007c2600000|  0%| F|  |TAMS 0x00000007c2500000, 0x00000007c2500000| Untracked 
|1062|0x00000007c2600000, 0x00000007c2600000, 0x00000007c2700000|  0%| F|  |TAMS 0x00000007c2600000, 0x00000007c2600000| Untracked 
|1063|0x00000007c2700000, 0x00000007c2700000, 0x00000007c2800000|  0%| F|  |TAMS 0x00000007c2700000, 0x00000007c2700000| Untracked 
|1064|0x00000007c2800000, 0x00000007c2800000, 0x00000007c2900000|  0%| F|  |TAMS 0x00000007c2800000, 0x00000007c2800000| Untracked 
|1065|0x00000007c2900000, 0x00000007c2900000, 0x00000007c2a00000|  0%| F|  |TAMS 0x00000007c2900000, 0x00000007c2900000| Untracked 
|1066|0x00000007c2a00000, 0x00000007c2a00000, 0x00000007c2b00000|  0%| F|  |TAMS 0x00000007c2a00000, 0x00000007c2a00000| Untracked 
|1067|0x00000007c2b00000, 0x00000007c2b00000, 0x00000007c2c00000|  0%| F|  |TAMS 0x00000007c2b00000, 0x00000007c2b00000| Untracked 
|1068|0x00000007c2c00000, 0x00000007c2c00000, 0x00000007c2d00000|  0%| F|  |TAMS 0x00000007c2c00000, 0x00000007c2c00000| Untracked 
|1069|0x00000007c2d00000, 0x00000007c2d00000, 0x00000007c2e00000|  0%| F|  |TAMS 0x00000007c2d00000, 0x00000007c2d00000| Untracked 
|1070|0x00000007c2e00000, 0x00000007c2e00000, 0x00000007c2f00000|  0%| F|  |TAMS 0x00000007c2e00000, 0x00000007c2e00000| Untracked 
|1071|0x00000007c2f00000, 0x00000007c2f00000, 0x00000007c3000000|  0%| F|  |TAMS 0x00000007c2f00000, 0x00000007c2f00000| Untracked 
|1072|0x00000007c3000000, 0x00000007c3000000, 0x00000007c3100000|  0%| F|  |TAMS 0x00000007c3000000, 0x00000007c3000000| Untracked 
|1073|0x00000007c3100000, 0x00000007c3100000, 0x00000007c3200000|  0%| F|  |TAMS 0x00000007c3100000, 0x00000007c3100000| Untracked 
|1074|0x00000007c3200000, 0x00000007c3200000, 0x00000007c3300000|  0%| F|  |TAMS 0x00000007c3200000, 0x00000007c3200000| Untracked 
|1075|0x00000007c3300000, 0x00000007c3300000, 0x00000007c3400000|  0%| F|  |TAMS 0x00000007c3300000, 0x00000007c3300000| Untracked 
|1076|0x00000007c3400000, 0x00000007c3400000, 0x00000007c3500000|  0%| F|  |TAMS 0x00000007c3400000, 0x00000007c3400000| Untracked 
|1077|0x00000007c3500000, 0x00000007c3500000, 0x00000007c3600000|  0%| F|  |TAMS 0x00000007c3500000, 0x00000007c3500000| Untracked 
|1078|0x00000007c3600000, 0x00000007c3600000, 0x00000007c3700000|  0%| F|  |TAMS 0x00000007c3600000, 0x00000007c3600000| Untracked 
|1079|0x00000007c3700000, 0x00000007c3700000, 0x00000007c3800000|  0%| F|  |TAMS 0x00000007c3700000, 0x00000007c3700000| Untracked 
|1080|0x00000007c3800000, 0x00000007c3800000, 0x00000007c3900000|  0%| F|  |TAMS 0x00000007c3800000, 0x00000007c3800000| Untracked 
|1081|0x00000007c3900000, 0x00000007c3900000, 0x00000007c3a00000|  0%| F|  |TAMS 0x00000007c3900000, 0x00000007c3900000| Untracked 
|1082|0x00000007c3a00000, 0x00000007c3a00000, 0x00000007c3b00000|  0%| F|  |TAMS 0x00000007c3a00000, 0x00000007c3a00000| Untracked 
|1083|0x00000007c3b00000, 0x00000007c3b00000, 0x00000007c3c00000|  0%| F|  |TAMS 0x00000007c3b00000, 0x00000007c3b00000| Untracked 
|1084|0x00000007c3c00000, 0x00000007c3c00000, 0x00000007c3d00000|  0%| F|  |TAMS 0x00000007c3c00000, 0x00000007c3c00000| Untracked 
|1085|0x00000007c3d00000, 0x00000007c3d00000, 0x00000007c3e00000|  0%| F|  |TAMS 0x00000007c3d00000, 0x00000007c3d00000| Untracked 
|1086|0x00000007c3e00000, 0x00000007c3e00000, 0x00000007c3f00000|  0%| F|  |TAMS 0x00000007c3e00000, 0x00000007c3e00000| Untracked 
|1087|0x00000007c3f00000, 0x00000007c3f00000, 0x00000007c4000000|  0%| F|  |TAMS 0x00000007c3f00000, 0x00000007c3f00000| Untracked 
|1088|0x00000007c4000000, 0x00000007c4000000, 0x00000007c4100000|  0%| F|  |TAMS 0x00000007c4000000, 0x00000007c4000000| Untracked 
|1089|0x00000007c4100000, 0x00000007c4100000, 0x00000007c4200000|  0%| F|  |TAMS 0x00000007c4100000, 0x00000007c4100000| Untracked 
|1090|0x00000007c4200000, 0x00000007c4200000, 0x00000007c4300000|  0%| F|  |TAMS 0x00000007c4200000, 0x00000007c4200000| Untracked 
|1091|0x00000007c4300000, 0x00000007c4300000, 0x00000007c4400000|  0%| F|  |TAMS 0x00000007c4300000, 0x00000007c4300000| Untracked 
|1092|0x00000007c4400000, 0x00000007c4400000, 0x00000007c4500000|  0%| F|  |TAMS 0x00000007c4400000, 0x00000007c4400000| Untracked 
|1093|0x00000007c4500000, 0x00000007c4500000, 0x00000007c4600000|  0%| F|  |TAMS 0x00000007c4500000, 0x00000007c4500000| Untracked 
|1094|0x00000007c4600000, 0x00000007c4600000, 0x00000007c4700000|  0%| F|  |TAMS 0x00000007c4600000, 0x00000007c4600000| Untracked 
|1095|0x00000007c4700000, 0x00000007c4700000, 0x00000007c4800000|  0%| F|  |TAMS 0x00000007c4700000, 0x00000007c4700000| Untracked 
|1096|0x00000007c4800000, 0x00000007c4800000, 0x00000007c4900000|  0%| F|  |TAMS 0x00000007c4800000, 0x00000007c4800000| Untracked 
|1097|0x00000007c4900000, 0x00000007c4900000, 0x00000007c4a00000|  0%| F|  |TAMS 0x00000007c4900000, 0x00000007c4900000| Untracked 
|1098|0x00000007c4a00000, 0x00000007c4a00000, 0x00000007c4b00000|  0%| F|  |TAMS 0x00000007c4a00000, 0x00000007c4a00000| Untracked 
|1099|0x00000007c4b00000, 0x00000007c4b00000, 0x00000007c4c00000|  0%| F|  |TAMS 0x00000007c4b00000, 0x00000007c4b00000| Untracked 
|1100|0x00000007c4c00000, 0x00000007c4c00000, 0x00000007c4d00000|  0%| F|  |TAMS 0x00000007c4c00000, 0x00000007c4c00000| Untracked 
|1101|0x00000007c4d00000, 0x00000007c4d00000, 0x00000007c4e00000|  0%| F|  |TAMS 0x00000007c4d00000, 0x00000007c4d00000| Untracked 
|1102|0x00000007c4e00000, 0x00000007c4e00000, 0x00000007c4f00000|  0%| F|  |TAMS 0x00000007c4e00000, 0x00000007c4e00000| Untracked 
|1103|0x00000007c4f00000, 0x00000007c4f00000, 0x00000007c5000000|  0%| F|  |TAMS 0x00000007c4f00000, 0x00000007c4f00000| Untracked 
|1104|0x00000007c5000000, 0x00000007c5000000, 0x00000007c5100000|  0%| F|  |TAMS 0x00000007c5000000, 0x00000007c5000000| Untracked 
|1105|0x00000007c5100000, 0x00000007c5100000, 0x00000007c5200000|  0%| F|  |TAMS 0x00000007c5100000, 0x00000007c5100000| Untracked 
|1106|0x00000007c5200000, 0x00000007c5200000, 0x00000007c5300000|  0%| F|  |TAMS 0x00000007c5200000, 0x00000007c5200000| Untracked 
|1107|0x00000007c5300000, 0x00000007c5300000, 0x00000007c5400000|  0%| F|  |TAMS 0x00000007c5300000, 0x00000007c5300000| Untracked 
|1108|0x00000007c5400000, 0x00000007c5400000, 0x00000007c5500000|  0%| F|  |TAMS 0x00000007c5400000, 0x00000007c5400000| Untracked 
|1109|0x00000007c5500000, 0x00000007c5500000, 0x00000007c5600000|  0%| F|  |TAMS 0x00000007c5500000, 0x00000007c5500000| Untracked 
|1110|0x00000007c5600000, 0x00000007c5600000, 0x00000007c5700000|  0%| F|  |TAMS 0x00000007c5600000, 0x00000007c5600000| Untracked 
|1111|0x00000007c5700000, 0x00000007c5700000, 0x00000007c5800000|  0%| F|  |TAMS 0x00000007c5700000, 0x00000007c5700000| Untracked 
|1112|0x00000007c5800000, 0x00000007c5800000, 0x00000007c5900000|  0%| F|  |TAMS 0x00000007c5800000, 0x00000007c5800000| Untracked 
|1113|0x00000007c5900000, 0x00000007c5900000, 0x00000007c5a00000|  0%| F|  |TAMS 0x00000007c5900000, 0x00000007c5900000| Untracked 
|1114|0x00000007c5a00000, 0x00000007c5a00000, 0x00000007c5b00000|  0%| F|  |TAMS 0x00000007c5a00000, 0x00000007c5a00000| Untracked 
|1115|0x00000007c5b00000, 0x00000007c5b00000, 0x00000007c5c00000|  0%| F|  |TAMS 0x00000007c5b00000, 0x00000007c5b00000| Untracked 
|1116|0x00000007c5c00000, 0x00000007c5c00000, 0x00000007c5d00000|  0%| F|  |TAMS 0x00000007c5c00000, 0x00000007c5c00000| Untracked 
|1117|0x00000007c5d00000, 0x00000007c5d00000, 0x00000007c5e00000|  0%| F|  |TAMS 0x00000007c5d00000, 0x00000007c5d00000| Untracked 
|1118|0x00000007c5e00000, 0x00000007c5e00000, 0x00000007c5f00000|  0%| F|  |TAMS 0x00000007c5e00000, 0x00000007c5e00000| Untracked 
|1119|0x00000007c5f00000, 0x00000007c5f00000, 0x00000007c6000000|  0%| F|  |TAMS 0x00000007c5f00000, 0x00000007c5f00000| Untracked 
|1120|0x00000007c6000000, 0x00000007c6000000, 0x00000007c6100000|  0%| F|  |TAMS 0x00000007c6000000, 0x00000007c6000000| Untracked 
|1121|0x00000007c6100000, 0x00000007c6100000, 0x00000007c6200000|  0%| F|  |TAMS 0x00000007c6100000, 0x00000007c6100000| Untracked 
|1122|0x00000007c6200000, 0x00000007c6200000, 0x00000007c6300000|  0%| F|  |TAMS 0x00000007c6200000, 0x00000007c6200000| Untracked 
|1123|0x00000007c6300000, 0x00000007c6300000, 0x00000007c6400000|  0%| F|  |TAMS 0x00000007c6300000, 0x00000007c6300000| Untracked 
|1124|0x00000007c6400000, 0x00000007c6400000, 0x00000007c6500000|  0%| F|  |TAMS 0x00000007c6400000, 0x00000007c6400000| Untracked 
|1125|0x00000007c6500000, 0x00000007c6500000, 0x00000007c6600000|  0%| F|  |TAMS 0x00000007c6500000, 0x00000007c6500000| Untracked 
|1126|0x00000007c6600000, 0x00000007c6600000, 0x00000007c6700000|  0%| F|  |TAMS 0x00000007c6600000, 0x00000007c6600000| Untracked 
|1127|0x00000007c6700000, 0x00000007c6700000, 0x00000007c6800000|  0%| F|  |TAMS 0x00000007c6700000, 0x00000007c6700000| Untracked 
|1128|0x00000007c6800000, 0x00000007c6800000, 0x00000007c6900000|  0%| F|  |TAMS 0x00000007c6800000, 0x00000007c6800000| Untracked 
|1129|0x00000007c6900000, 0x00000007c6900000, 0x00000007c6a00000|  0%| F|  |TAMS 0x00000007c6900000, 0x00000007c6900000| Untracked 
|1130|0x00000007c6a00000, 0x00000007c6a00000, 0x00000007c6b00000|  0%| F|  |TAMS 0x00000007c6a00000, 0x00000007c6a00000| Untracked 
|1131|0x00000007c6b00000, 0x00000007c6b00000, 0x00000007c6c00000|  0%| F|  |TAMS 0x00000007c6b00000, 0x00000007c6b00000| Untracked 
|1132|0x00000007c6c00000, 0x00000007c6c00000, 0x00000007c6d00000|  0%| F|  |TAMS 0x00000007c6c00000, 0x00000007c6c00000| Untracked 
|1133|0x00000007c6d00000, 0x00000007c6d00000, 0x00000007c6e00000|  0%| F|  |TAMS 0x00000007c6d00000, 0x00000007c6d00000| Untracked 
|1134|0x00000007c6e00000, 0x00000007c6e00000, 0x00000007c6f00000|  0%| F|  |TAMS 0x00000007c6e00000, 0x00000007c6e00000| Untracked 
|1135|0x00000007c6f00000, 0x00000007c6f00000, 0x00000007c7000000|  0%| F|  |TAMS 0x00000007c6f00000, 0x00000007c6f00000| Untracked 
|1136|0x00000007c7000000, 0x00000007c7000000, 0x00000007c7100000|  0%| F|  |TAMS 0x00000007c7000000, 0x00000007c7000000| Untracked 
|1137|0x00000007c7100000, 0x00000007c7100000, 0x00000007c7200000|  0%| F|  |TAMS 0x00000007c7100000, 0x00000007c7100000| Untracked 
|1138|0x00000007c7200000, 0x00000007c7200000, 0x00000007c7300000|  0%| F|  |TAMS 0x00000007c7200000, 0x00000007c7200000| Untracked 
|1139|0x00000007c7300000, 0x00000007c7300000, 0x00000007c7400000|  0%| F|  |TAMS 0x00000007c7300000, 0x00000007c7300000| Untracked 
|1140|0x00000007c7400000, 0x00000007c7400000, 0x00000007c7500000|  0%| F|  |TAMS 0x00000007c7400000, 0x00000007c7400000| Untracked 
|1141|0x00000007c7500000, 0x00000007c7500000, 0x00000007c7600000|  0%| F|  |TAMS 0x00000007c7500000, 0x00000007c7500000| Untracked 
|1142|0x00000007c7600000, 0x00000007c7600000, 0x00000007c7700000|  0%| F|  |TAMS 0x00000007c7600000, 0x00000007c7600000| Untracked 
|1143|0x00000007c7700000, 0x00000007c7700000, 0x00000007c7800000|  0%| F|  |TAMS 0x00000007c7700000, 0x00000007c7700000| Untracked 
|1144|0x00000007c7800000, 0x00000007c7800000, 0x00000007c7900000|  0%| F|  |TAMS 0x00000007c7800000, 0x00000007c7800000| Untracked 
|1145|0x00000007c7900000, 0x00000007c7900000, 0x00000007c7a00000|  0%| F|  |TAMS 0x00000007c7900000, 0x00000007c7900000| Untracked 
|1146|0x00000007c7a00000, 0x00000007c7a00000, 0x00000007c7b00000|  0%| F|  |TAMS 0x00000007c7a00000, 0x00000007c7a00000| Untracked 
|1147|0x00000007c7b00000, 0x00000007c7b00000, 0x00000007c7c00000|  0%| F|  |TAMS 0x00000007c7b00000, 0x00000007c7b00000| Untracked 
|1148|0x00000007c7c00000, 0x00000007c7c00000, 0x00000007c7d00000|  0%| F|  |TAMS 0x00000007c7c00000, 0x00000007c7c00000| Untracked 
|1149|0x00000007c7d00000, 0x00000007c7d00000, 0x00000007c7e00000|  0%| F|  |TAMS 0x00000007c7d00000, 0x00000007c7d00000| Untracked 
|1150|0x00000007c7e00000, 0x00000007c7e00000, 0x00000007c7f00000|  0%| F|  |TAMS 0x00000007c7e00000, 0x00000007c7e00000| Untracked 
|1151|0x00000007c7f00000, 0x00000007c7f00000, 0x00000007c8000000|  0%| F|  |TAMS 0x00000007c7f00000, 0x00000007c7f00000| Untracked 
|1152|0x00000007c8000000, 0x00000007c8000000, 0x00000007c8100000|  0%| F|  |TAMS 0x00000007c8000000, 0x00000007c8000000| Untracked 
|1153|0x00000007c8100000, 0x00000007c8100000, 0x00000007c8200000|  0%| F|  |TAMS 0x00000007c8100000, 0x00000007c8100000| Untracked 
|1154|0x00000007c8200000, 0x00000007c8200000, 0x00000007c8300000|  0%| F|  |TAMS 0x00000007c8200000, 0x00000007c8200000| Untracked 
|1155|0x00000007c8300000, 0x00000007c8300000, 0x00000007c8400000|  0%| F|  |TAMS 0x00000007c8300000, 0x00000007c8300000| Untracked 
|1156|0x00000007c8400000, 0x00000007c8400000, 0x00000007c8500000|  0%| F|  |TAMS 0x00000007c8400000, 0x00000007c8400000| Untracked 
|1157|0x00000007c8500000, 0x00000007c8500000, 0x00000007c8600000|  0%| F|  |TAMS 0x00000007c8500000, 0x00000007c8500000| Untracked 
|1158|0x00000007c8600000, 0x00000007c8600000, 0x00000007c8700000|  0%| F|  |TAMS 0x00000007c8600000, 0x00000007c8600000| Untracked 
|1159|0x00000007c8700000, 0x00000007c8700000, 0x00000007c8800000|  0%| F|  |TAMS 0x00000007c8700000, 0x00000007c8700000| Untracked 
|1160|0x00000007c8800000, 0x00000007c8800000, 0x00000007c8900000|  0%| F|  |TAMS 0x00000007c8800000, 0x00000007c8800000| Untracked 
|1161|0x00000007c8900000, 0x00000007c8900000, 0x00000007c8a00000|  0%| F|  |TAMS 0x00000007c8900000, 0x00000007c8900000| Untracked 
|1162|0x00000007c8a00000, 0x00000007c8a00000, 0x00000007c8b00000|  0%| F|  |TAMS 0x00000007c8a00000, 0x00000007c8a00000| Untracked 
|1163|0x00000007c8b00000, 0x00000007c8b00000, 0x00000007c8c00000|  0%| F|  |TAMS 0x00000007c8b00000, 0x00000007c8b00000| Untracked 
|1164|0x00000007c8c00000, 0x00000007c8c00000, 0x00000007c8d00000|  0%| F|  |TAMS 0x00000007c8c00000, 0x00000007c8c00000| Untracked 
|1165|0x00000007c8d00000, 0x00000007c8d00000, 0x00000007c8e00000|  0%| F|  |TAMS 0x00000007c8d00000, 0x00000007c8d00000| Untracked 
|1166|0x00000007c8e00000, 0x00000007c8e00000, 0x00000007c8f00000|  0%| F|  |TAMS 0x00000007c8e00000, 0x00000007c8e00000| Untracked 
|1167|0x00000007c8f00000, 0x00000007c8f00000, 0x00000007c9000000|  0%| F|  |TAMS 0x00000007c8f00000, 0x00000007c8f00000| Untracked 
|1168|0x00000007c9000000, 0x00000007c9000000, 0x00000007c9100000|  0%| F|  |TAMS 0x00000007c9000000, 0x00000007c9000000| Untracked 
|1169|0x00000007c9100000, 0x00000007c9100000, 0x00000007c9200000|  0%| F|  |TAMS 0x00000007c9100000, 0x00000007c9100000| Untracked 
|1170|0x00000007c9200000, 0x00000007c9200000, 0x00000007c9300000|  0%| F|  |TAMS 0x00000007c9200000, 0x00000007c9200000| Untracked 
|1171|0x00000007c9300000, 0x00000007c9300000, 0x00000007c9400000|  0%| F|  |TAMS 0x00000007c9300000, 0x00000007c9300000| Untracked 
|1172|0x00000007c9400000, 0x00000007c9400000, 0x00000007c9500000|  0%| F|  |TAMS 0x00000007c9400000, 0x00000007c9400000| Untracked 
|1173|0x00000007c9500000, 0x00000007c9500000, 0x00000007c9600000|  0%| F|  |TAMS 0x00000007c9500000, 0x00000007c9500000| Untracked 
|1174|0x00000007c9600000, 0x00000007c9600000, 0x00000007c9700000|  0%| F|  |TAMS 0x00000007c9600000, 0x00000007c9600000| Untracked 
|1175|0x00000007c9700000, 0x00000007c9700000, 0x00000007c9800000|  0%| F|  |TAMS 0x00000007c9700000, 0x00000007c9700000| Untracked 
|1176|0x00000007c9800000, 0x00000007c9800000, 0x00000007c9900000|  0%| F|  |TAMS 0x00000007c9800000, 0x00000007c9800000| Untracked 
|1177|0x00000007c9900000, 0x00000007c9900000, 0x00000007c9a00000|  0%| F|  |TAMS 0x00000007c9900000, 0x00000007c9900000| Untracked 
|1178|0x00000007c9a00000, 0x00000007c9a00000, 0x00000007c9b00000|  0%| F|  |TAMS 0x00000007c9a00000, 0x00000007c9a00000| Untracked 
|1179|0x00000007c9b00000, 0x00000007c9b00000, 0x00000007c9c00000|  0%| F|  |TAMS 0x00000007c9b00000, 0x00000007c9b00000| Untracked 
|1180|0x00000007c9c00000, 0x00000007c9c00000, 0x00000007c9d00000|  0%| F|  |TAMS 0x00000007c9c00000, 0x00000007c9c00000| Untracked 
|1181|0x00000007c9d00000, 0x00000007c9d00000, 0x00000007c9e00000|  0%| F|  |TAMS 0x00000007c9d00000, 0x00000007c9d00000| Untracked 
|1182|0x00000007c9e00000, 0x00000007c9e00000, 0x00000007c9f00000|  0%| F|  |TAMS 0x00000007c9e00000, 0x00000007c9e00000| Untracked 
|1183|0x00000007c9f00000, 0x00000007c9f00000, 0x00000007ca000000|  0%| F|  |TAMS 0x00000007c9f00000, 0x00000007c9f00000| Untracked 
|1184|0x00000007ca000000, 0x00000007ca000000, 0x00000007ca100000|  0%| F|  |TAMS 0x00000007ca000000, 0x00000007ca000000| Untracked 
|1185|0x00000007ca100000, 0x00000007ca100000, 0x00000007ca200000|  0%| F|  |TAMS 0x00000007ca100000, 0x00000007ca100000| Untracked 
|1186|0x00000007ca200000, 0x00000007ca200000, 0x00000007ca300000|  0%| F|  |TAMS 0x00000007ca200000, 0x00000007ca200000| Untracked 
|1187|0x00000007ca300000, 0x00000007ca300000, 0x00000007ca400000|  0%| F|  |TAMS 0x00000007ca300000, 0x00000007ca300000| Untracked 
|1188|0x00000007ca400000, 0x00000007ca400000, 0x00000007ca500000|  0%| F|  |TAMS 0x00000007ca400000, 0x00000007ca400000| Untracked 
|1189|0x00000007ca500000, 0x00000007ca500000, 0x00000007ca600000|  0%| F|  |TAMS 0x00000007ca500000, 0x00000007ca500000| Untracked 
|1190|0x00000007ca600000, 0x00000007ca600000, 0x00000007ca700000|  0%| F|  |TAMS 0x00000007ca600000, 0x00000007ca600000| Untracked 
|1191|0x00000007ca700000, 0x00000007ca700000, 0x00000007ca800000|  0%| F|  |TAMS 0x00000007ca700000, 0x00000007ca700000| Untracked 
|1192|0x00000007ca800000, 0x00000007ca800000, 0x00000007ca900000|  0%| F|  |TAMS 0x00000007ca800000, 0x00000007ca800000| Untracked 
|1193|0x00000007ca900000, 0x00000007ca900000, 0x00000007caa00000|  0%| F|  |TAMS 0x00000007ca900000, 0x00000007ca900000| Untracked 
|1194|0x00000007caa00000, 0x00000007caa00000, 0x00000007cab00000|  0%| F|  |TAMS 0x00000007caa00000, 0x00000007caa00000| Untracked 
|1195|0x00000007cab00000, 0x00000007cab00000, 0x00000007cac00000|  0%| F|  |TAMS 0x00000007cab00000, 0x00000007cab00000| Untracked 
|1196|0x00000007cac00000, 0x00000007cac00000, 0x00000007cad00000|  0%| F|  |TAMS 0x00000007cac00000, 0x00000007cac00000| Untracked 
|1197|0x00000007cad00000, 0x00000007cad00000, 0x00000007cae00000|  0%| F|  |TAMS 0x00000007cad00000, 0x00000007cad00000| Untracked 
|1198|0x00000007cae00000, 0x00000007cae00000, 0x00000007caf00000|  0%| F|  |TAMS 0x00000007cae00000, 0x00000007cae00000| Untracked 
|1199|0x00000007caf00000, 0x00000007caf00000, 0x00000007cb000000|  0%| F|  |TAMS 0x00000007caf00000, 0x00000007caf00000| Untracked 
|1200|0x00000007cb000000, 0x00000007cb000000, 0x00000007cb100000|  0%| F|  |TAMS 0x00000007cb000000, 0x00000007cb000000| Untracked 
|1201|0x00000007cb100000, 0x00000007cb100000, 0x00000007cb200000|  0%| F|  |TAMS 0x00000007cb100000, 0x00000007cb100000| Untracked 
|1202|0x00000007cb200000, 0x00000007cb200000, 0x00000007cb300000|  0%| F|  |TAMS 0x00000007cb200000, 0x00000007cb200000| Untracked 
|1203|0x00000007cb300000, 0x00000007cb300000, 0x00000007cb400000|  0%| F|  |TAMS 0x00000007cb300000, 0x00000007cb300000| Untracked 
|1204|0x00000007cb400000, 0x00000007cb400000, 0x00000007cb500000|  0%| F|  |TAMS 0x00000007cb400000, 0x00000007cb400000| Untracked 
|1205|0x00000007cb500000, 0x00000007cb500000, 0x00000007cb600000|  0%| F|  |TAMS 0x00000007cb500000, 0x00000007cb500000| Untracked 
|1206|0x00000007cb600000, 0x00000007cb600000, 0x00000007cb700000|  0%| F|  |TAMS 0x00000007cb600000, 0x00000007cb600000| Untracked 
|1207|0x00000007cb700000, 0x00000007cb700000, 0x00000007cb800000|  0%| F|  |TAMS 0x00000007cb700000, 0x00000007cb700000| Untracked 
|1208|0x00000007cb800000, 0x00000007cb800000, 0x00000007cb900000|  0%| F|  |TAMS 0x00000007cb800000, 0x00000007cb800000| Untracked 
|1209|0x00000007cb900000, 0x00000007cb900000, 0x00000007cba00000|  0%| F|  |TAMS 0x00000007cb900000, 0x00000007cb900000| Untracked 
|1210|0x00000007cba00000, 0x00000007cba00000, 0x00000007cbb00000|  0%| F|  |TAMS 0x00000007cba00000, 0x00000007cba00000| Untracked 
|1211|0x00000007cbb00000, 0x00000007cbb00000, 0x00000007cbc00000|  0%| F|  |TAMS 0x00000007cbb00000, 0x00000007cbb00000| Untracked 
|1212|0x00000007cbc00000, 0x00000007cbc00000, 0x00000007cbd00000|  0%| F|  |TAMS 0x00000007cbc00000, 0x00000007cbc00000| Untracked 
|1213|0x00000007cbd00000, 0x00000007cbd00000, 0x00000007cbe00000|  0%| F|  |TAMS 0x00000007cbd00000, 0x00000007cbd00000| Untracked 
|1214|0x00000007cbe00000, 0x00000007cbe00000, 0x00000007cbf00000|  0%| F|  |TAMS 0x00000007cbe00000, 0x00000007cbe00000| Untracked 
|1215|0x00000007cbf00000, 0x00000007cbf00000, 0x00000007cc000000|  0%| F|  |TAMS 0x00000007cbf00000, 0x00000007cbf00000| Untracked 
|1216|0x00000007cc000000, 0x00000007cc000000, 0x00000007cc100000|  0%| F|  |TAMS 0x00000007cc000000, 0x00000007cc000000| Untracked 
|1217|0x00000007cc100000, 0x00000007cc100000, 0x00000007cc200000|  0%| F|  |TAMS 0x00000007cc100000, 0x00000007cc100000| Untracked 
|1218|0x00000007cc200000, 0x00000007cc200000, 0x00000007cc300000|  0%| F|  |TAMS 0x00000007cc200000, 0x00000007cc200000| Untracked 
|1219|0x00000007cc300000, 0x00000007cc300000, 0x00000007cc400000|  0%| F|  |TAMS 0x00000007cc300000, 0x00000007cc300000| Untracked 
|1220|0x00000007cc400000, 0x00000007cc400000, 0x00000007cc500000|  0%| F|  |TAMS 0x00000007cc400000, 0x00000007cc400000| Untracked 
|1221|0x00000007cc500000, 0x00000007cc500000, 0x00000007cc600000|  0%| F|  |TAMS 0x00000007cc500000, 0x00000007cc500000| Untracked 
|1222|0x00000007cc600000, 0x00000007cc600000, 0x00000007cc700000|  0%| F|  |TAMS 0x00000007cc600000, 0x00000007cc600000| Untracked 
|1223|0x00000007cc700000, 0x00000007cc700000, 0x00000007cc800000|  0%| F|  |TAMS 0x00000007cc700000, 0x00000007cc700000| Untracked 
|1224|0x00000007cc800000, 0x00000007cc800000, 0x00000007cc900000|  0%| F|  |TAMS 0x00000007cc800000, 0x00000007cc800000| Untracked 
|1225|0x00000007cc900000, 0x00000007cc900000, 0x00000007cca00000|  0%| F|  |TAMS 0x00000007cc900000, 0x00000007cc900000| Untracked 
|1226|0x00000007cca00000, 0x00000007cca00000, 0x00000007ccb00000|  0%| F|  |TAMS 0x00000007cca00000, 0x00000007cca00000| Untracked 
|1227|0x00000007ccb00000, 0x00000007ccb00000, 0x00000007ccc00000|  0%| F|  |TAMS 0x00000007ccb00000, 0x00000007ccb00000| Untracked 
|1228|0x00000007ccc00000, 0x00000007ccc00000, 0x00000007ccd00000|  0%| F|  |TAMS 0x00000007ccc00000, 0x00000007ccc00000| Untracked 
|1229|0x00000007ccd00000, 0x00000007ccd00000, 0x00000007cce00000|  0%| F|  |TAMS 0x00000007ccd00000, 0x00000007ccd00000| Untracked 
|1230|0x00000007cce00000, 0x00000007cce00000, 0x00000007ccf00000|  0%| F|  |TAMS 0x00000007cce00000, 0x00000007cce00000| Untracked 
|1231|0x00000007ccf00000, 0x00000007ccf00000, 0x00000007cd000000|  0%| F|  |TAMS 0x00000007ccf00000, 0x00000007ccf00000| Untracked 
|1232|0x00000007cd000000, 0x00000007cd000000, 0x00000007cd100000|  0%| F|  |TAMS 0x00000007cd000000, 0x00000007cd000000| Untracked 
|1233|0x00000007cd100000, 0x00000007cd100000, 0x00000007cd200000|  0%| F|  |TAMS 0x00000007cd100000, 0x00000007cd100000| Untracked 
|1234|0x00000007cd200000, 0x00000007cd200000, 0x00000007cd300000|  0%| F|  |TAMS 0x00000007cd200000, 0x00000007cd200000| Untracked 
|1235|0x00000007cd300000, 0x00000007cd300000, 0x00000007cd400000|  0%| F|  |TAMS 0x00000007cd300000, 0x00000007cd300000| Untracked 
|1236|0x00000007cd400000, 0x00000007cd400000, 0x00000007cd500000|  0%| F|  |TAMS 0x00000007cd400000, 0x00000007cd400000| Untracked 
|1237|0x00000007cd500000, 0x00000007cd500000, 0x00000007cd600000|  0%| F|  |TAMS 0x00000007cd500000, 0x00000007cd500000| Untracked 
|1238|0x00000007cd600000, 0x00000007cd600000, 0x00000007cd700000|  0%| F|  |TAMS 0x00000007cd600000, 0x00000007cd600000| Untracked 
|1239|0x00000007cd700000, 0x00000007cd700000, 0x00000007cd800000|  0%| F|  |TAMS 0x00000007cd700000, 0x00000007cd700000| Untracked 
|1240|0x00000007cd800000, 0x00000007cd800000, 0x00000007cd900000|  0%| F|  |TAMS 0x00000007cd800000, 0x00000007cd800000| Untracked 
|1241|0x00000007cd900000, 0x00000007cd900000, 0x00000007cda00000|  0%| F|  |TAMS 0x00000007cd900000, 0x00000007cd900000| Untracked 
|1242|0x00000007cda00000, 0x00000007cda00000, 0x00000007cdb00000|  0%| F|  |TAMS 0x00000007cda00000, 0x00000007cda00000| Untracked 
|1243|0x00000007cdb00000, 0x00000007cdb00000, 0x00000007cdc00000|  0%| F|  |TAMS 0x00000007cdb00000, 0x00000007cdb00000| Untracked 
|1244|0x00000007cdc00000, 0x00000007cdc00000, 0x00000007cdd00000|  0%| F|  |TAMS 0x00000007cdc00000, 0x00000007cdc00000| Untracked 
|1245|0x00000007cdd00000, 0x00000007cdd00000, 0x00000007cde00000|  0%| F|  |TAMS 0x00000007cdd00000, 0x00000007cdd00000| Untracked 
|1246|0x00000007cde00000, 0x00000007cde00000, 0x00000007cdf00000|  0%| F|  |TAMS 0x00000007cde00000, 0x00000007cde00000| Untracked 
|1247|0x00000007cdf00000, 0x00000007cdf00000, 0x00000007ce000000|  0%| F|  |TAMS 0x00000007cdf00000, 0x00000007cdf00000| Untracked 
|1248|0x00000007ce000000, 0x00000007ce000000, 0x00000007ce100000|  0%| F|  |TAMS 0x00000007ce000000, 0x00000007ce000000| Untracked 
|1249|0x00000007ce100000, 0x00000007ce100000, 0x00000007ce200000|  0%| F|  |TAMS 0x00000007ce100000, 0x00000007ce100000| Untracked 
|1250|0x00000007ce200000, 0x00000007ce200000, 0x00000007ce300000|  0%| F|  |TAMS 0x00000007ce200000, 0x00000007ce200000| Untracked 
|1251|0x00000007ce300000, 0x00000007ce300000, 0x00000007ce400000|  0%| F|  |TAMS 0x00000007ce300000, 0x00000007ce300000| Untracked 
|1252|0x00000007ce400000, 0x00000007ce400000, 0x00000007ce500000|  0%| F|  |TAMS 0x00000007ce400000, 0x00000007ce400000| Untracked 
|1253|0x00000007ce500000, 0x00000007ce500000, 0x00000007ce600000|  0%| F|  |TAMS 0x00000007ce500000, 0x00000007ce500000| Untracked 
|1254|0x00000007ce600000, 0x00000007ce600000, 0x00000007ce700000|  0%| F|  |TAMS 0x00000007ce600000, 0x00000007ce600000| Untracked 
|1255|0x00000007ce700000, 0x00000007ce700000, 0x00000007ce800000|  0%| F|  |TAMS 0x00000007ce700000, 0x00000007ce700000| Untracked 
|1256|0x00000007ce800000, 0x00000007ce800000, 0x00000007ce900000|  0%| F|  |TAMS 0x00000007ce800000, 0x00000007ce800000| Untracked 
|1257|0x00000007ce900000, 0x00000007ce900000, 0x00000007cea00000|  0%| F|  |TAMS 0x00000007ce900000, 0x00000007ce900000| Untracked 
|1258|0x00000007cea00000, 0x00000007cea00000, 0x00000007ceb00000|  0%| F|  |TAMS 0x00000007cea00000, 0x00000007cea00000| Untracked 
|1259|0x00000007ceb00000, 0x00000007ceb00000, 0x00000007cec00000|  0%| F|  |TAMS 0x00000007ceb00000, 0x00000007ceb00000| Untracked 
|1260|0x00000007cec00000, 0x00000007cec00000, 0x00000007ced00000|  0%| F|  |TAMS 0x00000007cec00000, 0x00000007cec00000| Untracked 
|1261|0x00000007ced00000, 0x00000007ced00000, 0x00000007cee00000|  0%| F|  |TAMS 0x00000007ced00000, 0x00000007ced00000| Untracked 
|1262|0x00000007cee00000, 0x00000007cee00000, 0x00000007cef00000|  0%| F|  |TAMS 0x00000007cee00000, 0x00000007cee00000| Untracked 
|1263|0x00000007cef00000, 0x00000007cef00000, 0x00000007cf000000|  0%| F|  |TAMS 0x00000007cef00000, 0x00000007cef00000| Untracked 
|1264|0x00000007cf000000, 0x00000007cf000000, 0x00000007cf100000|  0%| F|  |TAMS 0x00000007cf000000, 0x00000007cf000000| Untracked 
|1265|0x00000007cf100000, 0x00000007cf100000, 0x00000007cf200000|  0%| F|  |TAMS 0x00000007cf100000, 0x00000007cf100000| Untracked 
|1266|0x00000007cf200000, 0x00000007cf200000, 0x00000007cf300000|  0%| F|  |TAMS 0x00000007cf200000, 0x00000007cf200000| Untracked 
|1267|0x00000007cf300000, 0x00000007cf300000, 0x00000007cf400000|  0%| F|  |TAMS 0x00000007cf300000, 0x00000007cf300000| Untracked 
|1268|0x00000007cf400000, 0x00000007cf400000, 0x00000007cf500000|  0%| F|  |TAMS 0x00000007cf400000, 0x00000007cf400000| Untracked 
|1269|0x00000007cf500000, 0x00000007cf500000, 0x00000007cf600000|  0%| F|  |TAMS 0x00000007cf500000, 0x00000007cf500000| Untracked 
|1270|0x00000007cf600000, 0x00000007cf600000, 0x00000007cf700000|  0%| F|  |TAMS 0x00000007cf600000, 0x00000007cf600000| Untracked 
|1271|0x00000007cf700000, 0x00000007cf700000, 0x00000007cf800000|  0%| F|  |TAMS 0x00000007cf700000, 0x00000007cf700000| Untracked 
|1272|0x00000007cf800000, 0x00000007cf800000, 0x00000007cf900000|  0%| F|  |TAMS 0x00000007cf800000, 0x00000007cf800000| Untracked 
|1273|0x00000007cf900000, 0x00000007cf900000, 0x00000007cfa00000|  0%| F|  |TAMS 0x00000007cf900000, 0x00000007cf900000| Untracked 
|1274|0x00000007cfa00000, 0x00000007cfa00000, 0x00000007cfb00000|  0%| F|  |TAMS 0x00000007cfa00000, 0x00000007cfa00000| Untracked 
|1275|0x00000007cfb00000, 0x00000007cfb00000, 0x00000007cfc00000|  0%| F|  |TAMS 0x00000007cfb00000, 0x00000007cfb00000| Untracked 
|1276|0x00000007cfc00000, 0x00000007cfc00000, 0x00000007cfd00000|  0%| F|  |TAMS 0x00000007cfc00000, 0x00000007cfc00000| Untracked 
|1277|0x00000007cfd00000, 0x00000007cfd00000, 0x00000007cfe00000|  0%| F|  |TAMS 0x00000007cfd00000, 0x00000007cfd00000| Untracked 
|1278|0x00000007cfe00000, 0x00000007cfe00000, 0x00000007cff00000|  0%| F|  |TAMS 0x00000007cfe00000, 0x00000007cfe00000| Untracked 
|1279|0x00000007cff00000, 0x00000007cff00000, 0x00000007d0000000|  0%| F|  |TAMS 0x00000007cff00000, 0x00000007cff00000| Untracked 
|1280|0x00000007d0000000, 0x00000007d00e2950, 0x00000007d0100000| 88%| S|CS|TAMS 0x00000007d0000000, 0x00000007d0000000| Complete 
|1281|0x00000007d0100000, 0x00000007d0200000, 0x00000007d0200000|100%| S|CS|TAMS 0x00000007d0100000, 0x00000007d0100000| Complete 
|1282|0x00000007d0200000, 0x00000007d0300000, 0x00000007d0300000|100%| S|CS|TAMS 0x00000007d0200000, 0x00000007d0200000| Complete 
|1283|0x00000007d0300000, 0x00000007d0300000, 0x00000007d0400000|  0%| F|  |TAMS 0x00000007d0300000, 0x00000007d0300000| Untracked 
|1284|0x00000007d0400000, 0x00000007d0400000, 0x00000007d0500000|  0%| F|  |TAMS 0x00000007d0400000, 0x00000007d0400000| Untracked 
|1285|0x00000007d0500000, 0x00000007d0500000, 0x00000007d0600000|  0%| F|  |TAMS 0x00000007d0500000, 0x00000007d0500000| Untracked 
|1286|0x00000007d0600000, 0x00000007d0600000, 0x00000007d0700000|  0%| F|  |TAMS 0x00000007d0600000, 0x00000007d0600000| Untracked 
|1287|0x00000007d0700000, 0x00000007d0700000, 0x00000007d0800000|  0%| F|  |TAMS 0x00000007d0700000, 0x00000007d0700000| Untracked 
|1288|0x00000007d0800000, 0x00000007d0800000, 0x00000007d0900000|  0%| F|  |TAMS 0x00000007d0800000, 0x00000007d0800000| Untracked 
|1289|0x00000007d0900000, 0x00000007d0900000, 0x00000007d0a00000|  0%| F|  |TAMS 0x00000007d0900000, 0x00000007d0900000| Untracked 
|1290|0x00000007d0a00000, 0x00000007d0a00000, 0x00000007d0b00000|  0%| F|  |TAMS 0x00000007d0a00000, 0x00000007d0a00000| Untracked 
|1291|0x00000007d0b00000, 0x00000007d0b00000, 0x00000007d0c00000|  0%| F|  |TAMS 0x00000007d0b00000, 0x00000007d0b00000| Untracked 
|1292|0x00000007d0c00000, 0x00000007d0c00000, 0x00000007d0d00000|  0%| F|  |TAMS 0x00000007d0c00000, 0x00000007d0c00000| Untracked 
|1293|0x00000007d0d00000, 0x00000007d0d00000, 0x00000007d0e00000|  0%| F|  |TAMS 0x00000007d0d00000, 0x00000007d0d00000| Untracked 
|1294|0x00000007d0e00000, 0x00000007d0e00000, 0x00000007d0f00000|  0%| F|  |TAMS 0x00000007d0e00000, 0x00000007d0e00000| Untracked 
|1295|0x00000007d0f00000, 0x00000007d0f00000, 0x00000007d1000000|  0%| F|  |TAMS 0x00000007d0f00000, 0x00000007d0f00000| Untracked 
|1296|0x00000007d1000000, 0x00000007d1000000, 0x00000007d1100000|  0%| F|  |TAMS 0x00000007d1000000, 0x00000007d1000000| Untracked 
|1297|0x00000007d1100000, 0x00000007d1100000, 0x00000007d1200000|  0%| F|  |TAMS 0x00000007d1100000, 0x00000007d1100000| Untracked 
|1298|0x00000007d1200000, 0x00000007d1200000, 0x00000007d1300000|  0%| F|  |TAMS 0x00000007d1200000, 0x00000007d1200000| Untracked 
|1299|0x00000007d1300000, 0x00000007d1300000, 0x00000007d1400000|  0%| F|  |TAMS 0x00000007d1300000, 0x00000007d1300000| Untracked 
|1300|0x00000007d1400000, 0x00000007d1400000, 0x00000007d1500000|  0%| F|  |TAMS 0x00000007d1400000, 0x00000007d1400000| Untracked 
|1301|0x00000007d1500000, 0x00000007d1500000, 0x00000007d1600000|  0%| F|  |TAMS 0x00000007d1500000, 0x00000007d1500000| Untracked 
|1302|0x00000007d1600000, 0x00000007d1600000, 0x00000007d1700000|  0%| F|  |TAMS 0x00000007d1600000, 0x00000007d1600000| Untracked 
|1303|0x00000007d1700000, 0x00000007d1700000, 0x00000007d1800000|  0%| F|  |TAMS 0x00000007d1700000, 0x00000007d1700000| Untracked 
|1304|0x00000007d1800000, 0x00000007d1800000, 0x00000007d1900000|  0%| F|  |TAMS 0x00000007d1800000, 0x00000007d1800000| Untracked 
|1305|0x00000007d1900000, 0x00000007d1900000, 0x00000007d1a00000|  0%| F|  |TAMS 0x00000007d1900000, 0x00000007d1900000| Untracked 
|1306|0x00000007d1a00000, 0x00000007d1a00000, 0x00000007d1b00000|  0%| F|  |TAMS 0x00000007d1a00000, 0x00000007d1a00000| Untracked 
|1307|0x00000007d1b00000, 0x00000007d1b00000, 0x00000007d1c00000|  0%| F|  |TAMS 0x00000007d1b00000, 0x00000007d1b00000| Untracked 
|1308|0x00000007d1c00000, 0x00000007d1c00000, 0x00000007d1d00000|  0%| F|  |TAMS 0x00000007d1c00000, 0x00000007d1c00000| Untracked 
|1309|0x00000007d1d00000, 0x00000007d1d00000, 0x00000007d1e00000|  0%| F|  |TAMS 0x00000007d1d00000, 0x00000007d1d00000| Untracked 
|1310|0x00000007d1e00000, 0x00000007d1e00000, 0x00000007d1f00000|  0%| F|  |TAMS 0x00000007d1e00000, 0x00000007d1e00000| Untracked 
|1311|0x00000007d1f00000, 0x00000007d1f00000, 0x00000007d2000000|  0%| F|  |TAMS 0x00000007d1f00000, 0x00000007d1f00000| Untracked 
|1312|0x00000007d2000000, 0x00000007d2000000, 0x00000007d2100000|  0%| F|  |TAMS 0x00000007d2000000, 0x00000007d2000000| Untracked 
|1313|0x00000007d2100000, 0x00000007d2100000, 0x00000007d2200000|  0%| F|  |TAMS 0x00000007d2100000, 0x00000007d2100000| Untracked 
|1314|0x00000007d2200000, 0x00000007d2200000, 0x00000007d2300000|  0%| F|  |TAMS 0x00000007d2200000, 0x00000007d2200000| Untracked 
|1315|0x00000007d2300000, 0x00000007d2300000, 0x00000007d2400000|  0%| F|  |TAMS 0x00000007d2300000, 0x00000007d2300000| Untracked 
|1316|0x00000007d2400000, 0x00000007d2400000, 0x00000007d2500000|  0%| F|  |TAMS 0x00000007d2400000, 0x00000007d2400000| Untracked 
|1317|0x00000007d2500000, 0x00000007d2500000, 0x00000007d2600000|  0%| F|  |TAMS 0x00000007d2500000, 0x00000007d2500000| Untracked 
|1318|0x00000007d2600000, 0x00000007d2600000, 0x00000007d2700000|  0%| F|  |TAMS 0x00000007d2600000, 0x00000007d2600000| Untracked 
|1319|0x00000007d2700000, 0x00000007d2700000, 0x00000007d2800000|  0%| F|  |TAMS 0x00000007d2700000, 0x00000007d2700000| Untracked 
|1320|0x00000007d2800000, 0x00000007d2800000, 0x00000007d2900000|  0%| F|  |TAMS 0x00000007d2800000, 0x00000007d2800000| Untracked 
|1321|0x00000007d2900000, 0x00000007d2900000, 0x00000007d2a00000|  0%| F|  |TAMS 0x00000007d2900000, 0x00000007d2900000| Untracked 
|1322|0x00000007d2a00000, 0x00000007d2a00000, 0x00000007d2b00000|  0%| F|  |TAMS 0x00000007d2a00000, 0x00000007d2a00000| Untracked 
|1323|0x00000007d2b00000, 0x00000007d2b00000, 0x00000007d2c00000|  0%| F|  |TAMS 0x00000007d2b00000, 0x00000007d2b00000| Untracked 
|1324|0x00000007d2c00000, 0x00000007d2c00000, 0x00000007d2d00000|  0%| F|  |TAMS 0x00000007d2c00000, 0x00000007d2c00000| Untracked 
|1325|0x00000007d2d00000, 0x00000007d2d80000, 0x00000007d2e00000| 50%| E|  |TAMS 0x00000007d2d00000, 0x00000007d2d00000| Complete 
|1326|0x00000007d2e00000, 0x00000007d2f00000, 0x00000007d2f00000|100%| E|CS|TAMS 0x00000007d2e00000, 0x00000007d2e00000| Complete 
|1327|0x00000007d2f00000, 0x00000007d3000000, 0x00000007d3000000|100%| E|CS|TAMS 0x00000007d2f00000, 0x00000007d2f00000| Complete 
|1328|0x00000007d3000000, 0x00000007d3100000, 0x00000007d3100000|100%| E|CS|TAMS 0x00000007d3000000, 0x00000007d3000000| Complete 
|1329|0x00000007d3100000, 0x00000007d3200000, 0x00000007d3200000|100%| E|CS|TAMS 0x00000007d3100000, 0x00000007d3100000| Complete 
|1330|0x00000007d3200000, 0x00000007d3300000, 0x00000007d3300000|100%| E|CS|TAMS 0x00000007d3200000, 0x00000007d3200000| Complete 
|1331|0x00000007d3300000, 0x00000007d3400000, 0x00000007d3400000|100%| E|CS|TAMS 0x00000007d3300000, 0x00000007d3300000| Complete 
|1332|0x00000007d3400000, 0x00000007d3500000, 0x00000007d3500000|100%| E|CS|TAMS 0x00000007d3400000, 0x00000007d3400000| Complete 
|1333|0x00000007d3500000, 0x00000007d3600000, 0x00000007d3600000|100%| E|  |TAMS 0x00000007d3500000, 0x00000007d3500000| Complete 
|1334|0x00000007d3600000, 0x00000007d3700000, 0x00000007d3700000|100%| E|CS|TAMS 0x00000007d3600000, 0x00000007d3600000| Complete 
|1335|0x00000007d3700000, 0x00000007d3800000, 0x00000007d3800000|100%| E|CS|TAMS 0x00000007d3700000, 0x00000007d3700000| Complete 
|1336|0x00000007d3800000, 0x00000007d3900000, 0x00000007d3900000|100%| E|CS|TAMS 0x00000007d3800000, 0x00000007d3800000| Complete 
|1337|0x00000007d3900000, 0x00000007d3a00000, 0x00000007d3a00000|100%| E|CS|TAMS 0x00000007d3900000, 0x00000007d3900000| Complete 
|1338|0x00000007d3a00000, 0x00000007d3b00000, 0x00000007d3b00000|100%| E|CS|TAMS 0x00000007d3a00000, 0x00000007d3a00000| Complete 
|1339|0x00000007d3b00000, 0x00000007d3c00000, 0x00000007d3c00000|100%| E|CS|TAMS 0x00000007d3b00000, 0x00000007d3b00000| Complete 
|1340|0x00000007d3c00000, 0x00000007d3d00000, 0x00000007d3d00000|100%| E|CS|TAMS 0x00000007d3c00000, 0x00000007d3c00000| Complete 
|1341|0x00000007d3d00000, 0x00000007d3e00000, 0x00000007d3e00000|100%| E|CS|TAMS 0x00000007d3d00000, 0x00000007d3d00000| Complete 
|1342|0x00000007d3e00000, 0x00000007d3f00000, 0x00000007d3f00000|100%| E|CS|TAMS 0x00000007d3e00000, 0x00000007d3e00000| Complete 
|1343|0x00000007d3f00000, 0x00000007d4000000, 0x00000007d4000000|100%| E|CS|TAMS 0x00000007d3f00000, 0x00000007d3f00000| Complete 
|1344|0x00000007d4000000, 0x00000007d4100000, 0x00000007d4100000|100%| E|CS|TAMS 0x00000007d4000000, 0x00000007d4000000| Complete 
|1345|0x00000007d4100000, 0x00000007d4200000, 0x00000007d4200000|100%| E|CS|TAMS 0x00000007d4100000, 0x00000007d4100000| Complete 
|1346|0x00000007d4200000, 0x00000007d4300000, 0x00000007d4300000|100%| E|CS|TAMS 0x00000007d4200000, 0x00000007d4200000| Complete 
|1347|0x00000007d4300000, 0x00000007d4400000, 0x00000007d4400000|100%| E|CS|TAMS 0x00000007d4300000, 0x00000007d4300000| Complete 
|1348|0x00000007d4400000, 0x00000007d4500000, 0x00000007d4500000|100%| E|CS|TAMS 0x00000007d4400000, 0x00000007d4400000| Complete 
|1349|0x00000007d4500000, 0x00000007d4600000, 0x00000007d4600000|100%| E|CS|TAMS 0x00000007d4500000, 0x00000007d4500000| Complete 
|1350|0x00000007d4600000, 0x00000007d4700000, 0x00000007d4700000|100%| E|CS|TAMS 0x00000007d4600000, 0x00000007d4600000| Complete 
|1351|0x00000007d4700000, 0x00000007d4800000, 0x00000007d4800000|100%| E|CS|TAMS 0x00000007d4700000, 0x00000007d4700000| Complete 
|1352|0x00000007d4800000, 0x00000007d4900000, 0x00000007d4900000|100%| E|CS|TAMS 0x00000007d4800000, 0x00000007d4800000| Complete 
|1353|0x00000007d4900000, 0x00000007d4a00000, 0x00000007d4a00000|100%| E|CS|TAMS 0x00000007d4900000, 0x00000007d4900000| Complete 
|1354|0x00000007d4a00000, 0x00000007d4b00000, 0x00000007d4b00000|100%| E|CS|TAMS 0x00000007d4a00000, 0x00000007d4a00000| Complete 
|1355|0x00000007d4b00000, 0x00000007d4c00000, 0x00000007d4c00000|100%| E|CS|TAMS 0x00000007d4b00000, 0x00000007d4b00000| Complete 
|1356|0x00000007d4c00000, 0x00000007d4d00000, 0x00000007d4d00000|100%| E|CS|TAMS 0x00000007d4c00000, 0x00000007d4c00000| Complete 
|1357|0x00000007d4d00000, 0x00000007d4e00000, 0x00000007d4e00000|100%| E|CS|TAMS 0x00000007d4d00000, 0x00000007d4d00000| Complete 
|1358|0x00000007d4e00000, 0x00000007d4f00000, 0x00000007d4f00000|100%| E|CS|TAMS 0x00000007d4e00000, 0x00000007d4e00000| Complete 
|1359|0x00000007d4f00000, 0x00000007d5000000, 0x00000007d5000000|100%| E|CS|TAMS 0x00000007d4f00000, 0x00000007d4f00000| Complete 
|1360|0x00000007d5000000, 0x00000007d5100000, 0x00000007d5100000|100%| E|CS|TAMS 0x00000007d5000000, 0x00000007d5000000| Complete 
|1361|0x00000007d5100000, 0x00000007d5200000, 0x00000007d5200000|100%| E|CS|TAMS 0x00000007d5100000, 0x00000007d5100000| Complete 
|1362|0x00000007d5200000, 0x00000007d5300000, 0x00000007d5300000|100%| E|CS|TAMS 0x00000007d5200000, 0x00000007d5200000| Complete 
|1363|0x00000007d5300000, 0x00000007d5400000, 0x00000007d5400000|100%| E|CS|TAMS 0x00000007d5300000, 0x00000007d5300000| Complete 
|1364|0x00000007d5400000, 0x00000007d5500000, 0x00000007d5500000|100%| E|CS|TAMS 0x00000007d5400000, 0x00000007d5400000| Complete 
|1365|0x00000007d5500000, 0x00000007d5600000, 0x00000007d5600000|100%| E|CS|TAMS 0x00000007d5500000, 0x00000007d5500000| Complete 
|1366|0x00000007d5600000, 0x00000007d5700000, 0x00000007d5700000|100%| E|CS|TAMS 0x00000007d5600000, 0x00000007d5600000| Complete 
|1367|0x00000007d5700000, 0x00000007d5800000, 0x00000007d5800000|100%| E|CS|TAMS 0x00000007d5700000, 0x00000007d5700000| Complete 
|1368|0x00000007d5800000, 0x00000007d5900000, 0x00000007d5900000|100%| E|CS|TAMS 0x00000007d5800000, 0x00000007d5800000| Complete 
|1369|0x00000007d5900000, 0x00000007d5a00000, 0x00000007d5a00000|100%| E|CS|TAMS 0x00000007d5900000, 0x00000007d5900000| Complete 
|1370|0x00000007d5a00000, 0x00000007d5b00000, 0x00000007d5b00000|100%| E|CS|TAMS 0x00000007d5a00000, 0x00000007d5a00000| Complete 
|1371|0x00000007d5b00000, 0x00000007d5c00000, 0x00000007d5c00000|100%| E|CS|TAMS 0x00000007d5b00000, 0x00000007d5b00000| Complete 
|1372|0x00000007d5c00000, 0x00000007d5d00000, 0x00000007d5d00000|100%| E|CS|TAMS 0x00000007d5c00000, 0x00000007d5c00000| Complete 
|1373|0x00000007d5d00000, 0x00000007d5e00000, 0x00000007d5e00000|100%| E|CS|TAMS 0x00000007d5d00000, 0x00000007d5d00000| Complete 
|1374|0x00000007d5e00000, 0x00000007d5f00000, 0x00000007d5f00000|100%| E|CS|TAMS 0x00000007d5e00000, 0x00000007d5e00000| Complete 
|1375|0x00000007d5f00000, 0x00000007d6000000, 0x00000007d6000000|100%| E|CS|TAMS 0x00000007d5f00000, 0x00000007d5f00000| Complete 
|1376|0x00000007d6000000, 0x00000007d6100000, 0x00000007d6100000|100%| E|CS|TAMS 0x00000007d6000000, 0x00000007d6000000| Complete 
|1377|0x00000007d6100000, 0x00000007d6200000, 0x00000007d6200000|100%| E|CS|TAMS 0x00000007d6100000, 0x00000007d6100000| Complete 
|1378|0x00000007d6200000, 0x00000007d6300000, 0x00000007d6300000|100%| E|CS|TAMS 0x00000007d6200000, 0x00000007d6200000| Complete 
|1379|0x00000007d6300000, 0x00000007d6400000, 0x00000007d6400000|100%| E|CS|TAMS 0x00000007d6300000, 0x00000007d6300000| Complete 
|1380|0x00000007d6400000, 0x00000007d6500000, 0x00000007d6500000|100%| E|CS|TAMS 0x00000007d6400000, 0x00000007d6400000| Complete 
|1381|0x00000007d6500000, 0x00000007d6600000, 0x00000007d6600000|100%| E|CS|TAMS 0x00000007d6500000, 0x00000007d6500000| Complete 
|1382|0x00000007d6600000, 0x00000007d6700000, 0x00000007d6700000|100%| E|CS|TAMS 0x00000007d6600000, 0x00000007d6600000| Complete 
|1383|0x00000007d6700000, 0x00000007d6800000, 0x00000007d6800000|100%| E|CS|TAMS 0x00000007d6700000, 0x00000007d6700000| Complete 
|1384|0x00000007d6800000, 0x00000007d6900000, 0x00000007d6900000|100%| E|CS|TAMS 0x00000007d6800000, 0x00000007d6800000| Complete 
|1385|0x00000007d6900000, 0x00000007d6a00000, 0x00000007d6a00000|100%| E|CS|TAMS 0x00000007d6900000, 0x00000007d6900000| Complete 
|1386|0x00000007d6a00000, 0x00000007d6b00000, 0x00000007d6b00000|100%| E|CS|TAMS 0x00000007d6a00000, 0x00000007d6a00000| Complete 
|1387|0x00000007d6b00000, 0x00000007d6c00000, 0x00000007d6c00000|100%| E|CS|TAMS 0x00000007d6b00000, 0x00000007d6b00000| Complete 
|1388|0x00000007d6c00000, 0x00000007d6d00000, 0x00000007d6d00000|100%| E|CS|TAMS 0x00000007d6c00000, 0x00000007d6c00000| Complete 
|1389|0x00000007d6d00000, 0x00000007d6e00000, 0x00000007d6e00000|100%| E|CS|TAMS 0x00000007d6d00000, 0x00000007d6d00000| Complete 
|1390|0x00000007d6e00000, 0x00000007d6f00000, 0x00000007d6f00000|100%| E|CS|TAMS 0x00000007d6e00000, 0x00000007d6e00000| Complete 
|1391|0x00000007d6f00000, 0x00000007d7000000, 0x00000007d7000000|100%| E|CS|TAMS 0x00000007d6f00000, 0x00000007d6f00000| Complete 
|1392|0x00000007d7000000, 0x00000007d7100000, 0x00000007d7100000|100%| E|CS|TAMS 0x00000007d7000000, 0x00000007d7000000| Complete 
|1393|0x00000007d7100000, 0x00000007d7200000, 0x00000007d7200000|100%| E|CS|TAMS 0x00000007d7100000, 0x00000007d7100000| Complete 
|1394|0x00000007d7200000, 0x00000007d7300000, 0x00000007d7300000|100%| E|CS|TAMS 0x00000007d7200000, 0x00000007d7200000| Complete 
|1395|0x00000007d7300000, 0x00000007d7400000, 0x00000007d7400000|100%| E|CS|TAMS 0x00000007d7300000, 0x00000007d7300000| Complete 
|1396|0x00000007d7400000, 0x00000007d7500000, 0x00000007d7500000|100%| E|CS|TAMS 0x00000007d7400000, 0x00000007d7400000| Complete 
|1397|0x00000007d7500000, 0x00000007d7600000, 0x00000007d7600000|100%| E|CS|TAMS 0x00000007d7500000, 0x00000007d7500000| Complete 
|1398|0x00000007d7600000, 0x00000007d7700000, 0x00000007d7700000|100%| E|CS|TAMS 0x00000007d7600000, 0x00000007d7600000| Complete 
|1399|0x00000007d7700000, 0x00000007d7800000, 0x00000007d7800000|100%| E|CS|TAMS 0x00000007d7700000, 0x00000007d7700000| Complete 
|1400|0x00000007d7800000, 0x00000007d7900000, 0x00000007d7900000|100%| E|CS|TAMS 0x00000007d7800000, 0x00000007d7800000| Complete 
|1401|0x00000007d7900000, 0x00000007d7a00000, 0x00000007d7a00000|100%| E|CS|TAMS 0x00000007d7900000, 0x00000007d7900000| Complete 
|1402|0x00000007d7a00000, 0x00000007d7b00000, 0x00000007d7b00000|100%| E|CS|TAMS 0x00000007d7a00000, 0x00000007d7a00000| Complete 
|1403|0x00000007d7b00000, 0x00000007d7c00000, 0x00000007d7c00000|100%| E|CS|TAMS 0x00000007d7b00000, 0x00000007d7b00000| Complete 
|1404|0x00000007d7c00000, 0x00000007d7d00000, 0x00000007d7d00000|100%| E|CS|TAMS 0x00000007d7c00000, 0x00000007d7c00000| Complete 
|1405|0x00000007d7d00000, 0x00000007d7e00000, 0x00000007d7e00000|100%| E|CS|TAMS 0x00000007d7d00000, 0x00000007d7d00000| Complete 
|1406|0x00000007d7e00000, 0x00000007d7f00000, 0x00000007d7f00000|100%| E|CS|TAMS 0x00000007d7e00000, 0x00000007d7e00000| Complete 
|1407|0x00000007d7f00000, 0x00000007d8000000, 0x00000007d8000000|100%| E|CS|TAMS 0x00000007d7f00000, 0x00000007d7f00000| Complete 
|1408|0x00000007d8000000, 0x00000007d8100000, 0x00000007d8100000|100%| E|CS|TAMS 0x00000007d8000000, 0x00000007d8000000| Complete 
|1409|0x00000007d8100000, 0x00000007d8200000, 0x00000007d8200000|100%| E|CS|TAMS 0x00000007d8100000, 0x00000007d8100000| Complete 
|1637|0x00000007e6500000, 0x00000007e6600000, 0x00000007e6600000|100%| E|CS|TAMS 0x00000007e6500000, 0x00000007e6500000| Complete 
|1638|0x00000007e6600000, 0x00000007e6700000, 0x00000007e6700000|100%| E|CS|TAMS 0x00000007e6600000, 0x00000007e6600000| Complete 
|1639|0x00000007e6700000, 0x00000007e6800000, 0x00000007e6800000|100%| E|CS|TAMS 0x00000007e6700000, 0x00000007e6700000| Complete 
|1640|0x00000007e6800000, 0x00000007e6900000, 0x00000007e6900000|100%| E|CS|TAMS 0x00000007e6800000, 0x00000007e6800000| Complete 
|1641|0x00000007e6900000, 0x00000007e6a00000, 0x00000007e6a00000|100%| E|CS|TAMS 0x00000007e6900000, 0x00000007e6900000| Complete 
|1642|0x00000007e6a00000, 0x00000007e6b00000, 0x00000007e6b00000|100%| E|CS|TAMS 0x00000007e6a00000, 0x00000007e6a00000| Complete 
|1846|0x00000007f3600000, 0x00000007f3700000, 0x00000007f3700000|100%| E|CS|TAMS 0x00000007f3600000, 0x00000007f3600000| Complete 
|1847|0x00000007f3700000, 0x00000007f3800000, 0x00000007f3800000|100%| E|CS|TAMS 0x00000007f3700000, 0x00000007f3700000| Complete 
|1848|0x00000007f3800000, 0x00000007f3900000, 0x00000007f3900000|100%| E|CS|TAMS 0x00000007f3800000, 0x00000007f3800000| Complete 
|1849|0x00000007f3900000, 0x00000007f3a00000, 0x00000007f3a00000|100%| E|CS|TAMS 0x00000007f3900000, 0x00000007f3900000| Complete 
|1850|0x00000007f3a00000, 0x00000007f3b00000, 0x00000007f3b00000|100%| E|CS|TAMS 0x00000007f3a00000, 0x00000007f3a00000| Complete 
|1851|0x00000007f3b00000, 0x00000007f3c00000, 0x00000007f3c00000|100%| E|CS|TAMS 0x00000007f3b00000, 0x00000007f3b00000| Complete 
|1852|0x00000007f3c00000, 0x00000007f3d00000, 0x00000007f3d00000|100%| E|CS|TAMS 0x00000007f3c00000, 0x00000007f3c00000| Complete 
|1853|0x00000007f3d00000, 0x00000007f3e00000, 0x00000007f3e00000|100%| E|CS|TAMS 0x00000007f3d00000, 0x00000007f3d00000| Complete 
|1854|0x00000007f3e00000, 0x00000007f3f00000, 0x00000007f3f00000|100%| E|CS|TAMS 0x00000007f3e00000, 0x00000007f3e00000| Complete 
|1855|0x00000007f3f00000, 0x00000007f4000000, 0x00000007f4000000|100%| E|CS|TAMS 0x00000007f3f00000, 0x00000007f3f00000| Complete 
|1856|0x00000007f4000000, 0x00000007f4100000, 0x00000007f4100000|100%| E|CS|TAMS 0x00000007f4000000, 0x00000007f4000000| Complete 
|1857|0x00000007f4100000, 0x00000007f4200000, 0x00000007f4200000|100%| E|CS|TAMS 0x00000007f4100000, 0x00000007f4100000| Complete 
|1858|0x00000007f4200000, 0x00000007f4300000, 0x00000007f4300000|100%| E|CS|TAMS 0x00000007f4200000, 0x00000007f4200000| Complete 
|1859|0x00000007f4300000, 0x00000007f4400000, 0x00000007f4400000|100%| E|CS|TAMS 0x00000007f4300000, 0x00000007f4300000| Complete 
|1860|0x00000007f4400000, 0x00000007f4500000, 0x00000007f4500000|100%| E|CS|TAMS 0x00000007f4400000, 0x00000007f4400000| Complete 
|1861|0x00000007f4500000, 0x00000007f4600000, 0x00000007f4600000|100%| E|CS|TAMS 0x00000007f4500000, 0x00000007f4500000| Complete 
|1862|0x00000007f4600000, 0x00000007f4700000, 0x00000007f4700000|100%| E|CS|TAMS 0x00000007f4600000, 0x00000007f4600000| Complete 
|1863|0x00000007f4700000, 0x00000007f4800000, 0x00000007f4800000|100%| E|CS|TAMS 0x00000007f4700000, 0x00000007f4700000| Complete 
|1864|0x00000007f4800000, 0x00000007f4900000, 0x00000007f4900000|100%| E|CS|TAMS 0x00000007f4800000, 0x00000007f4800000| Complete 
|1865|0x00000007f4900000, 0x00000007f4a00000, 0x00000007f4a00000|100%| E|CS|TAMS 0x00000007f4900000, 0x00000007f4900000| Complete 
|1866|0x00000007f4a00000, 0x00000007f4b00000, 0x00000007f4b00000|100%| E|CS|TAMS 0x00000007f4a00000, 0x00000007f4a00000| Complete 
|1867|0x00000007f4b00000, 0x00000007f4c00000, 0x00000007f4c00000|100%| E|CS|TAMS 0x00000007f4b00000, 0x00000007f4b00000| Complete 
|1868|0x00000007f4c00000, 0x00000007f4d00000, 0x00000007f4d00000|100%| E|CS|TAMS 0x00000007f4c00000, 0x00000007f4c00000| Complete 
|1869|0x00000007f4d00000, 0x00000007f4e00000, 0x00000007f4e00000|100%| E|CS|TAMS 0x00000007f4d00000, 0x00000007f4d00000| Complete 
|1870|0x00000007f4e00000, 0x00000007f4f00000, 0x00000007f4f00000|100%| E|CS|TAMS 0x00000007f4e00000, 0x00000007f4e00000| Complete 
|2044|0x00000007ffc00000, 0x00000007ffd00000, 0x00000007ffd00000|100%| O|  |TAMS 0x00000007ffd00000, 0x00000007ffc00000| Untracked 
|2046|0x00000007ffe00000, 0x00000007ffe74000, 0x00000007fff00000| 45%|OA|  |TAMS 0x00000007ffe74000, 0x00000007ffe00000| Untracked 
|2047|0x00000007fff00000, 0x00000007fff74000, 0x0000000800000000| 45%|CA|  |TAMS 0x00000007fff74000, 0x00000007fff00000| Untracked 

Card table byte_map: [0x0000000100c10000,0x0000000101010000] _byte_map_base: 0x00000000fd010000

Marking Bits (Prev, Next): (CMBitMap*) 0x000000014a830850, (CMBitMap*) 0x000000014a830810
 Prev Bits: [0x000000011b0bc000, 0x000000011d0bc000)
 Next Bits: [0x00000001190bc000, 0x000000011b0bc000)

Polling page: 0x00000001004bc000

Metaspace:

Usage:
  Non-class:    298.64 MB used.
      Class:     42.25 MB used.
       Both:    340.89 MB used.

Virtual space:
  Non-class space:      320.00 MB reserved,     299.75 MB ( 94%) committed,  5 nodes.
      Class space:        1.00 GB reserved,      43.38 MB (  4%) committed,  1 nodes.
             Both:        1.31 GB reserved,     343.12 MB ( 26%) committed. 

Chunk freelists:
   Non-Class:  3.95 MB
       Class:  4.66 MB
        Both:  8.61 MB

MaxMetaspaceSize: unlimited
CompressedClassSpaceSize: 1.00 GB
Initial GC threshold: 21.00 MB
Current GC threshold: 567.31 MB
CDS: on
MetaspaceReclaimPolicy: balanced
 - commit_granule_bytes: 65536.
 - commit_granule_words: 8192.
 - virtual_space_node_default_size: 8388608.
 - enlarge_chunks_in_place: 1.
 - new_chunks_are_fully_committed: 0.
 - uncommit_free_chunks: 1.
 - use_allocation_guard: 0.
 - handle_deallocations: 1.


Internal statistics:

num_allocs_failed_limit: 24.
num_arena_births: 9840.
num_arena_deaths: 5632.
num_vsnodes_births: 6.
num_vsnodes_deaths: 0.
num_space_committed: 6349.
num_space_uncommitted: 867.
num_chunks_returned_to_freelist: 10300.
num_chunks_taken_from_freelist: 30711.
num_chunk_merges: 3524.
num_chunk_splits: 18057.
num_chunks_enlarged: 11459.
num_inconsistent_stats: 0.

CodeHeap 'non-profiled nmethods': size=120032Kb used=59827Kb max_used=59827Kb free=60205Kb
 bounds [0x0000000111b84000, 0x00000001155f4000, 0x00000001190bc000]
CodeHeap 'profiled nmethods': size=120016Kb used=117756Kb max_used=119728Kb free=2259Kb
 bounds [0x000000010a0bc000, 0x00000001115bc000, 0x00000001115f0000]
CodeHeap 'non-nmethods': size=5712Kb used=2322Kb max_used=2502Kb free=3389Kb
 bounds [0x00000001115f0000, 0x0000000111870000, 0x0000000111b84000]
 total_blobs=60009 nmethods=58617 adapters=1303
 compilation: enabled
              stopped_count=0, restarted_count=0
 full_count=0

Compilation events (20 events):
Event: 15461.259 Thread 0x000000014a8fa000 93805       4       org.jetbrains.kotlin.util.capitalizeDecapitalize.CapitalizeDecapitalizeKt::toLowerCaseAsciiOnly (96 bytes)
Event: 15461.259 Thread 0x000000014a8fa600 nmethod 94100 0x0000000110745210 code [0x00000001107455c0, 0x0000000110746ae8]
Event: 15461.259 Thread 0x000000014a8fa600 94101       2       org.jetbrains.kotlin.kapt3.base.incremental.ClassStructureCacheKt::access$getIGNORE_TYPES$p (4 bytes)
Event: 15461.259 Thread 0x000000014a8fa600 nmethod 94101 0x0000000110892210 code [0x00000001108923c0, 0x0000000110892498]
Event: 15461.259 Thread 0x000000014a8fa600 94102       2       org.jetbrains.kotlin.kapt3.base.incremental.ClassStructureCacheKt$IGNORE_TYPES$1::invoke (9 bytes)
Event: 15461.260 Thread 0x000000014a8fa600 nmethod 94102 0x0000000110651c90 code [0x0000000110651ec0, 0x0000000110652248]
Event: 15461.260 Thread 0x000000014a8fa600 94103       2       org.jetbrains.kotlin.kapt3.base.incremental.SourceFileStructure::addMentionedType (56 bytes)
Event: 15461.260 Thread 0x000000014a8fa600 nmethod 94103 0x0000000110563e90 code [0x0000000110564100, 0x00000001105646b8]
Event: 15461.260 Thread 0x000000014a8fa600 94105       3       org.jetbrains.kotlin.kapt3.base.incremental.TypeTreeVisitor::maybeAddToTracker (111 bytes)
Event: 15461.261 Thread 0x000000014a8fa600 nmethod 94105 0x0000000110701010 code [0x0000000110701500, 0x0000000110702de8]
Event: 15461.261 Thread 0x000000014a8fa600 94108   !   3       com.sun.tools.javac.api.ClientCodeWrapper$WrappedTaskListener::finished (27 bytes)
Event: 15461.261 Thread 0x000000014a8fa600 nmethod 94108 0x000000010dd6b290 code [0x000000010dd6b440, 0x000000010dd6b738]
Event: 15461.261 Thread 0x000000014a8fa600 94106       2       org.jetbrains.kotlin.kapt3.base.incremental.TypeTreeVisitor::visitMemberSelect (10 bytes)
Event: 15461.261 Thread 0x000000014a8fa600 nmethod 94106 0x000000010ff25290 code [0x000000010ff25440, 0x000000010ff255c8]
Event: 15461.261 Thread 0x000000014a8fa600 94111       2       org.jetbrains.kotlin.kapt3.base.incremental.TypeTreeVisitor::visitMemberSelect (56 bytes)
Event: 15461.261 Thread 0x000000014a8fa600 nmethod 94111 0x000000011043e510 code [0x000000011043e7c0, 0x000000011043ede8]
Event: 15461.261 Thread 0x000000014a8fa600 94110       2       org.jetbrains.kotlin.kapt3.base.incremental.TypeTreeVisitor::visitAnnotation (10 bytes)
Event: 15461.261 Thread 0x000000014a8fa600 nmethod 94110 0x000000011009fc90 code [0x000000011009fe40, 0x000000011009ffc8]
Event: 15461.266 Thread 0x000000014a8fa000 nmethod 93805 0x00000001155eec90 code [0x00000001155ef000, 0x00000001155f0260]
Event: 15461.266 Thread 0x000000014a8fa000 93682       4       org.jetbrains.org.objectweb.asm.ClassReader::readElementValue (1237 bytes)

GC Heap History (20 events):
Event: 15453.315 GC heap before
{Heap before GC invocations=195 (full 1):
 garbage-first heap   total 1873920K, used 937535K [0x0000000780000000, 0x0000000800000000)
  region size 1024K, 466 young (477184K), 7 survivors (7168K)
 Metaspace       used 337756K, committed 339968K, reserved 1376256K
  class space    used 42169K, committed 43264K, reserved 1048576K
}
Event: 15453.319 GC heap after
{Heap after GC invocations=196 (full 1):
 garbage-first heap   total 1873920K, used 474251K [0x0000000780000000, 0x0000000800000000)
  region size 1024K, 12 young (12288K), 12 survivors (12288K)
 Metaspace       used 337756K, committed 339968K, reserved 1376256K
  class space    used 42169K, committed 43264K, reserved 1048576K
}
Event: 15454.193 GC heap before
{Heap before GC invocations=197 (full 1):
 garbage-first heap   total 1873920K, used 1593483K [0x0000000780000000, 0x0000000800000000)
  region size 1024K, 1098 young (1124352K), 12 survivors (12288K)
 Metaspace       used 337785K, committed 340032K, reserved 1376256K
  class space    used 42171K, committed 43264K, reserved 1048576K
}
Event: 15454.200 GC heap after
{Heap after GC invocations=198 (full 1):
 garbage-first heap   total 1873920K, used 473635K [0x0000000780000000, 0x0000000800000000)
  region size 1024K, 11 young (11264K), 11 survivors (11264K)
 Metaspace       used 337785K, committed 340032K, reserved 1376256K
  class space    used 42171K, committed 43264K, reserved 1048576K
}
Event: 15454.268 GC heap before
{Heap before GC invocations=198 (full 1):
 garbage-first heap   total 1873920K, used 555555K [0x0000000780000000, 0x0000000800000000)
  region size 1024K, 91 young (93184K), 11 survivors (11264K)
 Metaspace       used 337785K, committed 340032K, reserved 1376256K
  class space    used 42171K, committed 43264K, reserved 1048576K
}
Event: 15454.274 GC heap after
{Heap after GC invocations=199 (full 1):
 garbage-first heap   total 1873920K, used 453297K [0x0000000780000000, 0x0000000800000000)
  region size 1024K, 2 young (2048K), 2 survivors (2048K)
 Metaspace       used 337785K, committed 340032K, reserved 1376256K
  class space    used 42171K, committed 43264K, reserved 1048576K
}
Event: 15454.557 GC heap before
{Heap before GC invocations=199 (full 1):
 garbage-first heap   total 1873920K, used 714417K [0x0000000780000000, 0x0000000800000000)
  region size 1024K, 258 young (264192K), 2 survivors (2048K)
 Metaspace       used 337813K, committed 340032K, reserved 1376256K
  class space    used 42174K, committed 43264K, reserved 1048576K
}
Event: 15454.561 GC heap after
{Heap after GC invocations=200 (full 1):
 garbage-first heap   total 1918976K, used 459503K [0x0000000780000000, 0x0000000800000000)
  region size 1024K, 8 young (8192K), 8 survivors (8192K)
 Metaspace       used 337813K, committed 340032K, reserved 1376256K
  class space    used 42174K, committed 43264K, reserved 1048576K
}
Event: 15456.246 GC heap before
{Heap before GC invocations=201 (full 1):
 garbage-first heap   total 1652736K, used 1649391K [0x0000000780000000, 0x0000000800000000)
  region size 1024K, 1046 young (1071104K), 8 survivors (8192K)
 Metaspace       used 342437K, committed 344640K, reserved 1376256K
  class space    used 42691K, committed 43776K, reserved 1048576K
}
Event: 15456.269 GC heap after
{Heap after GC invocations=202 (full 1):
 garbage-first heap   total 1711104K, used 523270K [0x0000000780000000, 0x0000000800000000)
  region size 1024K, 57 young (58368K), 57 survivors (58368K)
 Metaspace       used 342437K, committed 344640K, reserved 1376256K
  class space    used 42691K, committed 43776K, reserved 1048576K
}
Event: 15456.285 GC heap before
{Heap before GC invocations=202 (full 1):
 garbage-first heap   total 1711104K, used 548870K [0x0000000780000000, 0x0000000800000000)
  region size 1024K, 83 young (84992K), 57 survivors (58368K)
 Metaspace       used 342574K, committed 344832K, reserved 1376256K
  class space    used 42703K, committed 43840K, reserved 1048576K
}
Event: 15456.302 GC heap after
{Heap after GC invocations=203 (full 1):
 garbage-first heap   total 1711104K, used 482468K [0x0000000780000000, 0x0000000800000000)
  region size 1024K, 5 young (5120K), 5 survivors (5120K)
 Metaspace       used 342574K, committed 344832K, reserved 1376256K
  class space    used 42703K, committed 43840K, reserved 1048576K
}
Event: 15456.423 GC heap before
{Heap before GC invocations=203 (full 1):
 garbage-first heap   total 1711104K, used 872612K [0x0000000780000000, 0x0000000800000000)
  region size 1024K, 388 young (397312K), 5 survivors (5120K)
 Metaspace       used 343047K, committed 345280K, reserved 1376256K
  class space    used 42723K, committed 43840K, reserved 1048576K
}
Event: 15456.426 GC heap after
{Heap after GC invocations=204 (full 1):
 garbage-first heap   total 1711104K, used 486052K [0x0000000780000000, 0x0000000800000000)
  region size 1024K, 8 young (8192K), 8 survivors (8192K)
 Metaspace       used 343047K, committed 345280K, reserved 1376256K
  class space    used 42723K, committed 43840K, reserved 1048576K
}
Event: 15460.703 GC heap before
{Heap before GC invocations=205 (full 1):
 garbage-first heap   total 1711104K, used 1407652K [0x0000000780000000, 0x0000000800000000)
  region size 1024K, 963 young (986112K), 8 survivors (8192K)
 Metaspace       used 344570K, committed 346880K, reserved 1376256K
  class space    used 42933K, committed 44096K, reserved 1048576K
}
Event: 15460.711 GC heap after
{Heap after GC invocations=206 (full 1):
 garbage-first heap   total 1711104K, used 428222K [0x0000000780000000, 0x0000000800000000)
  region size 1024K, 10 young (10240K), 10 survivors (10240K)
 Metaspace       used 344570K, committed 346880K, reserved 1376256K
  class space    used 42933K, committed 44096K, reserved 1048576K
}
Event: 15460.727 GC heap before
{Heap before GC invocations=206 (full 1):
 garbage-first heap   total 1711104K, used 506046K [0x0000000780000000, 0x0000000800000000)
  region size 1024K, 83 young (84992K), 10 survivors (10240K)
 Metaspace       used 344570K, committed 346880K, reserved 1376256K
  class space    used 42933K, committed 44096K, reserved 1048576K
}
Event: 15460.743 GC heap after
{Heap after GC invocations=207 (full 1):
 garbage-first heap   total 1711104K, used 406673K [0x0000000780000000, 0x0000000800000000)
  region size 1024K, 4 young (4096K), 4 survivors (4096K)
 Metaspace       used 344570K, committed 346880K, reserved 1376256K
  class space    used 42933K, committed 44096K, reserved 1048576K
}
Event: 15460.970 GC heap before
{Heap before GC invocations=207 (full 1):
 garbage-first heap   total 1711104K, used 794769K [0x0000000780000000, 0x0000000800000000)
  region size 1024K, 385 young (394240K), 4 survivors (4096K)
 Metaspace       used 344571K, committed 346880K, reserved 1376256K
  class space    used 42933K, committed 44096K, reserved 1048576K
}
Event: 15460.973 GC heap after
{Heap after GC invocations=208 (full 1):
 garbage-first heap   total 1711104K, used 402855K [0x0000000780000000, 0x0000000800000000)
  region size 1024K, 3 young (3072K), 3 survivors (3072K)
 Metaspace       used 344571K, committed 346880K, reserved 1376256K
  class space    used 42933K, committed 44096K, reserved 1048576K
}

Dll operation events (20 events):
Event: 0.034 Loaded shared library /Users/athulbabu/Library/Java/JavaVirtualMachines/ms-17.0.15/Contents/Home/lib/libinstrument.dylib
Event: 0.040 Loaded shared library /Users/athulbabu/Library/Java/JavaVirtualMachines/ms-17.0.15/Contents/Home/lib/libnio.dylib
Event: 0.041 Loaded shared library /Users/athulbabu/Library/Java/JavaVirtualMachines/ms-17.0.15/Contents/Home/lib/libzip.dylib
Event: 0.097 Loaded shared library /Users/athulbabu/Library/Java/JavaVirtualMachines/ms-17.0.15/Contents/Home/lib/libjimage.dylib
Event: 0.131 Loaded shared library /Users/athulbabu/Library/Java/JavaVirtualMachines/ms-17.0.15/Contents/Home/lib/libverify.dylib
Event: 0.152 Loaded shared library /Users/athulbabu/Library/Java/JavaVirtualMachines/ms-17.0.15/Contents/Home/lib/libnet.dylib
Event: 0.154 Loaded shared library /Users/athulbabu/Library/Android/sdk/native/1def1411415f61bf3af743bc5b6707747c0891f09f0c88961ee8f79bc544acac/osx-aarch64/libnative-platform.dylib
Event: 0.184 Loaded shared library /Users/athulbabu/Library/Android/sdk/native/0.2.7/aarch64-macos/libgradle-fileevents.dylib
Event: 0.377 Loaded shared library /Users/athulbabu/Library/Java/JavaVirtualMachines/ms-17.0.15/Contents/Home/lib/libmanagement.dylib
Event: 0.383 Loaded shared library /Users/athulbabu/Library/Java/JavaVirtualMachines/ms-17.0.15/Contents/Home/lib/libmanagement_ext.dylib
Event: 0.420 Loaded shared library /Users/athulbabu/Library/Java/JavaVirtualMachines/ms-17.0.15/Contents/Home/lib/libextnet.dylib
Event: 7.980 Loaded shared library /Users/athulbabu/Library/Java/JavaVirtualMachines/ms-17.0.15/Contents/Home/lib/librmi.dylib
Event: 55.565 Loaded shared library /private/var/folders/bj/0kt1hnh97t5ctjp7l13745p40000gn/T/sqlite-3.41.2.2-f26859f4-cf70-42bd-9a67-eb7264867777-libsqlitejdbc.jnilib
Event: 175.698 Loaded shared library /private/var/folders/bj/0kt1hnh97t5ctjp7l13745p40000gn/T/sqlite-3.41.2.2-66f6620a-33bf-4730-9152-3b91833ba395-libsqlitejdbc.jnilib
Event: 2030.527 Unloaded shared library "<not available>" [0x000000007ceff960]
Event: 2030.528 Unloaded shared library "<not available>" [0x000000007ceff3e0]
Event: 6274.468 Loaded shared library /private/var/folders/bj/0kt1hnh97t5ctjp7l13745p40000gn/T/sqlite-3.41.2.2-dc3366ef-5be7-4be0-a5e2-6432a45fe31e-libsqlitejdbc.jnilib
Event: 7264.030 Loaded shared library /private/var/folders/bj/0kt1hnh97t5ctjp7l13745p40000gn/T/sqlite-3.41.2.2-302fbb36-9c92-420f-86ec-605c10c7a8cb-libsqlitejdbc.jnilib
Event: 8712.663 Unloaded shared library "<not available>" [0x000000007ceff960]
Event: 8712.663 Unloaded shared library "<not available>" [0x000000007ceff3e0]

Deoptimization events (20 events):
Event: 15460.964 Thread 0x00000001297be200 DEOPT PACKING pc=0x000000010e832e18 sp=0x0000000307297e60
Event: 15460.964 Thread 0x00000001297be200 DEOPT UNPACKING pc=0x000000011163777c sp=0x0000000307297be0 mode 0
Event: 15460.964 Thread 0x00000001297be200 DEOPT PACKING pc=0x000000010e832e18 sp=0x0000000307297e60
Event: 15460.964 Thread 0x00000001297be200 DEOPT UNPACKING pc=0x000000011163777c sp=0x0000000307297be0 mode 0
Event: 15460.964 Thread 0x00000001297be200 DEOPT PACKING pc=0x000000010e832e18 sp=0x0000000307297e60
Event: 15460.964 Thread 0x00000001297be200 DEOPT UNPACKING pc=0x000000011163777c sp=0x0000000307297be0 mode 0
Event: 15461.007 Thread 0x00000001297be200 DEOPT PACKING pc=0x000000010a499f98 sp=0x0000000307295b50
Event: 15461.007 Thread 0x00000001297be200 DEOPT UNPACKING pc=0x000000011163777c sp=0x0000000307295810 mode 0
Event: 15461.027 Thread 0x00000001297be200 DEOPT PACKING pc=0x000000010a499f98 sp=0x0000000307295b50
Event: 15461.027 Thread 0x00000001297be200 DEOPT UNPACKING pc=0x000000011163777c sp=0x0000000307295810 mode 0
Event: 15461.049 Thread 0x00000001297be200 Uncommon trap: trap_request=0xffffffd6 fr.pc=0x000000011370a1e8 relative=0x0000000000001928
Event: 15461.049 Thread 0x00000001297be200 Uncommon trap: reason=array_check action=maybe_recompile pc=0x000000011370a1e8 method=java.util.TimSort.mergeLo(IIII)V @ 468 c2
Event: 15461.049 Thread 0x00000001297be200 DEOPT PACKING pc=0x000000011370a1e8 sp=0x0000000307295900
Event: 15461.049 Thread 0x00000001297be200 DEOPT UNPACKING pc=0x000000011163791c sp=0x00000003072958a0 mode 2
Event: 15461.203 Thread 0x000000012b141c00 DEOPT PACKING pc=0x000000010bc50834 sp=0x000000031e058650
Event: 15461.203 Thread 0x000000012b141c00 DEOPT UNPACKING pc=0x000000011163777c sp=0x000000031e058360 mode 0
Event: 15461.215 Thread 0x000000012b141c00 Uncommon trap: trap_request=0xfffffff4 fr.pc=0x0000000112295cd0 relative=0x0000000000001350
Event: 15461.215 Thread 0x000000012b141c00 Uncommon trap: reason=null_check action=make_not_entrant pc=0x0000000112295cd0 method=java.time.zone.ZoneRules.findTransitionArray(I)[Ljava/time/zone/ZoneOffsetTransition; @ 15 c2
Event: 15461.215 Thread 0x000000012b141c00 DEOPT PACKING pc=0x0000000112295cd0 sp=0x000000031e057cd0
Event: 15461.215 Thread 0x000000012b141c00 DEOPT UNPACKING pc=0x000000011163791c sp=0x000000031e057c00 mode 2

Classes loaded (20 events):
Event: 6598.419 Loading class java/io/Base64
Event: 6598.419 Loading class java/io/Base64 done
Event: 6598.419 Loading class java/net/Base64
Event: 6598.419 Loading class java/net/Base64 done
Event: 6598.504 Loading class java/io/FileBeanInfo
Event: 6598.504 Loading class java/io/FileBeanInfo done
Event: 6598.504 Loading class java/io/FileBeanInfo
Event: 6598.504 Loading class java/io/FileBeanInfo done
Event: 6598.504 Loading class java/io/FileCustomizer
Event: 6598.504 Loading class java/io/FileCustomizer done
Event: 6598.505 Loading class java/io/FileCustomizer
Event: 6598.505 Loading class java/io/FileCustomizer done
Event: 6598.558 Loading class java/util/regex/Pattern$SliceU
Event: 6598.558 Loading class java/util/regex/Pattern$SliceU done
Event: 14206.363 Loading class java/util/jar/JarOutputStream
Event: 14206.363 Loading class java/util/jar/JarOutputStream done
Event: 15446.308 Loading class java/io/BufferedReader$1
Event: 15446.309 Loading class java/io/BufferedReader$1 done
Event: 15454.775 Loading class sun/nio/fs/UnixFileAttributeViews$Posix
Event: 15454.776 Loading class sun/nio/fs/UnixFileAttributeViews$Posix done

Classes unloaded (20 events):
Event: 15446.718 Thread 0x000000014a7073c0 Unloading class 0x0000007003333000 'jdk/internal/reflect/GeneratedConstructorAccessor705'
Event: 15446.718 Thread 0x000000014a7073c0 Unloading class 0x0000007003325800 'jdk/internal/reflect/GeneratedConstructorAccessor671'
Event: 15446.718 Thread 0x000000014a7073c0 Unloading class 0x0000007003325400 'jdk/internal/reflect/GeneratedConstructorAccessor670'
Event: 15446.718 Thread 0x000000014a7073c0 Unloading class 0x0000007003325000 'jdk/internal/reflect/GeneratedConstructorAccessor669'
Event: 15446.718 Thread 0x000000014a7073c0 Unloading class 0x0000007003324c00 'jdk/internal/reflect/GeneratedConstructorAccessor668'
Event: 15446.718 Thread 0x000000014a7073c0 Unloading class 0x0000007003324800 'jdk/internal/reflect/GeneratedConstructorAccessor667'
Event: 15446.718 Thread 0x000000014a7073c0 Unloading class 0x0000007003324400 'jdk/internal/reflect/GeneratedConstructorAccessor666'
Event: 15446.718 Thread 0x000000014a7073c0 Unloading class 0x0000007003324000 'jdk/internal/reflect/GeneratedConstructorAccessor665'
Event: 15446.718 Thread 0x000000014a7073c0 Unloading class 0x0000007003323c00 'jdk/internal/reflect/GeneratedConstructorAccessor664'
Event: 15446.718 Thread 0x000000014a7073c0 Unloading class 0x0000007003323800 'jdk/internal/reflect/GeneratedConstructorAccessor663'
Event: 15446.718 Thread 0x000000014a7073c0 Unloading class 0x0000007003323400 'jdk/internal/reflect/GeneratedConstructorAccessor662'
Event: 15446.718 Thread 0x000000014a7073c0 Unloading class 0x0000007003323000 'jdk/internal/reflect/GeneratedConstructorAccessor661'
Event: 15446.718 Thread 0x000000014a7073c0 Unloading class 0x0000007003322c00 'jdk/internal/reflect/GeneratedConstructorAccessor660'
Event: 15446.718 Thread 0x000000014a7073c0 Unloading class 0x0000007003322800 'jdk/internal/reflect/GeneratedConstructorAccessor659'
Event: 15446.718 Thread 0x000000014a7073c0 Unloading class 0x0000007003322400 'jdk/internal/reflect/GeneratedConstructorAccessor658'
Event: 15446.718 Thread 0x000000014a7073c0 Unloading class 0x0000007003321c00 'jdk/internal/reflect/GeneratedConstructorAccessor656'
Event: 15446.718 Thread 0x000000014a7073c0 Unloading class 0x0000007003321800 'jdk/internal/reflect/GeneratedConstructorAccessor655'
Event: 15461.114 Thread 0x000000014a7073c0 Unloading class 0x0000007003b04400 'jdk/internal/reflect/GeneratedSerializationConstructorAccessor1082'
Event: 15461.114 Thread 0x000000014a7073c0 Unloading class 0x0000007003b04800 'jdk/internal/reflect/GeneratedSerializationConstructorAccessor1080'
Event: 15461.114 Thread 0x000000014a7073c0 Unloading class 0x0000007003b04000 'jdk/internal/reflect/GeneratedSerializationConstructorAccessor1079'

Classes redefined (0 events):
No events

Internal exceptions (20 events):
Event: 15456.152 Thread 0x000000012c8cfc00 Exception <a 'sun/nio/fs/UnixException'{0x00000007a9869870}> (0x00000007a9869870) 
thrown [src/hotspot/share/prims/jni.cpp, line 516]
Event: 15456.153 Thread 0x000000012ac1f600 Exception <a 'sun/nio/fs/UnixException'{0x00000007a924c2b8}> (0x00000007a924c2b8) 
thrown [src/hotspot/share/prims/jni.cpp, line 516]
Event: 15456.153 Thread 0x000000012ca3e000 Exception <a 'sun/nio/fs/UnixException'{0x00000007a904ba98}> (0x00000007a904ba98) 
thrown [src/hotspot/share/prims/jni.cpp, line 516]
Event: 15456.153 Thread 0x000000011ff91000 Exception <a 'sun/nio/fs/UnixException'{0x00000007a90cd920}> (0x00000007a90cd920) 
thrown [src/hotspot/share/prims/jni.cpp, line 516]
Event: 15456.795 Thread 0x00000001297be200 Exception <a 'java/lang/NoSuchMethodError'{0x00000007c2432930}: static Lorg/jetbrains/kotlin/incremental/ChangedFiles$Unknown;.<clinit>()V> (0x00000007c2432930) 
thrown [src/hotspot/share/prims/jni.cpp, line 1112]
Event: 15456.795 Thread 0x00000001297be200 Exception <a 'java/lang/NoSuchMethodError'{0x00000007c2464880}: static Lorg/jetbrains/kotlin/incremental/ClasspathChanges$ClasspathSnapshotEnabled$NotAvailableForNonIncrementalRun;.<clinit>()V> (0x00000007c2464880) 
thrown [src/hotspot/share/prims/jni.cpp, line 1112]
Event: 15456.795 Thread 0x00000001297be200 Exception <a 'java/lang/NoSuchMethodError'{0x00000007c2466808}: static Lorg/jetbrains/kotlin/incremental/ClasspathChanges$ClasspathSnapshotEnabled;.<clinit>()V> (0x00000007c2466808) 
thrown [src/hotspot/share/prims/jni.cpp, line 1112]
Event: 15456.795 Thread 0x00000001297be200 Exception <a 'java/lang/NoSuchMethodError'{0x00000007c24685f0}: static Lorg/jetbrains/kotlin/incremental/ClasspathChanges;.<clinit>()V> (0x00000007c24685f0) 
thrown [src/hotspot/share/prims/jni.cpp, line 1112]
Event: 15457.047 Thread 0x000000011f8b4c00 Exception <a 'java/lang/NoSuchMethodError'{0x00000007c1b8a888}: static Lorg/jetbrains/kotlin/daemon/common/LoopbackNetworkInterface$AbstractClientLoopbackSocketFactory;.<clinit>()V> (0x00000007c1b8a888) 
thrown [src/hotspot/share/prims/jni.cpp, line 1112]
Event: 15457.047 Thread 0x000000011f8b4c00 Exception <a 'java/lang/NoSuchMethodError'{0x00000007c1b96368}: static Lorg/jetbrains/kotlin/daemon/common/LoopbackNetworkInterface$ClientLoopbackSocketFactory;.<clinit>()V> (0x00000007c1b96368) 
thrown [src/hotspot/share/prims/jni.cpp, line 1112]
Event: 15457.048 Thread 0x000000011f8b4c00 Exception <a 'java/lang/NoSuchMethodError'{0x00000007c1b9e238}: static [Ljava/rmi/server/ObjID;.<clinit>()V> (0x00000007c1b9e238) 
thrown [src/hotspot/share/prims/jni.cpp, line 1112]
Event: 15457.050 Thread 0x000000013fad9800 Exception <a 'java/lang/InterruptedException'{0x00000007c1bdeca8}> (0x00000007c1bdeca8) 
thrown [src/hotspot/share/runtime/objectMonitor.cpp, line 1658]
Event: 15457.054 Thread 0x000000011f8b4c00 Exception <a 'java/lang/NoSuchMethodError'{0x00000007c1a01a80}: static Lorg/jetbrains/kotlin/daemon/common/CompileService$CallResult;.<clinit>()V> (0x00000007c1a01a80) 
thrown [src/hotspot/share/prims/jni.cpp, line 1112]
Event: 15457.054 Thread 0x000000011f8b4c00 Exception <a 'java/lang/NoSuchMethodError'{0x00000007c1a0d838}: static Lorg/jetbrains/kotlin/daemon/common/CompileService$CallResult$Good;.<clinit>()V> (0x00000007c1a0d838) 
thrown [src/hotspot/share/prims/jni.cpp, line 1112]
Event: 15457.054 Thread 0x000000011f8b4c00 Exception <a 'java/lang/NoSuchMethodError'{0x00000007c1a1a920}: static Lorg/jetbrains/kotlin/daemon/common/DaemonJVMOptions;.<clinit>()V> (0x00000007c1a1a920) 
thrown [src/hotspot/share/prims/jni.cpp, line 1112]
Event: 15457.056 Thread 0x000000011f8b4c00 Exception <a 'java/lang/NoSuchMethodError'{0x00000007c1a34010}: static Lorg/jetbrains/kotlin/daemon/common/CompileService$CallResult$Ok;.<clinit>()V> (0x00000007c1a34010) 
thrown [src/hotspot/share/prims/jni.cpp, line 1112]
Event: 15457.061 Thread 0x000000011f8b4c00 Exception <a 'java/lang/NoSuchMethodError'{0x00000007c183b778}: static [Ljava/lang/Integer;.<clinit>()V> (0x00000007c183b778) 
thrown [src/hotspot/share/prims/jni.cpp, line 1112]
Event: 15460.572 Thread 0x000000014c545800 Exception <a 'java/lang/NoSuchMethodError'{0x00000007c0ada610}: static Lorg/jetbrains/kotlin/gradle/internal/kapt/incremental/ClasspathEntryData;.<clinit>()V> (0x00000007c0ada610) 
thrown [src/hotspot/share/prims/jni.cpp, line 1112]
Event: 15461.049 Thread 0x00000001297be200 Exception <a 'java/lang/NoSuchMethodError'{0x00000007f3b00f20}: static Lorg/jetbrains/kotlin/gradle/internal/KaptOptionsForWorker;.<clinit>()V> (0x00000007f3b00f20) 
thrown [src/hotspot/share/prims/jni.cpp, line 1112]
Event: 15461.215 Thread 0x000000012b141c00 Implicit null exception at 0x0000000112294ea8 to 0x0000000112295cc8

VM Operations (20 events):
Event: 15457.650 Executing VM operation: Cleanup
Event: 15457.650 Executing VM operation: Cleanup done
Event: 15458.935 Executing VM operation: HandshakeAllThreads
Event: 15458.936 Executing VM operation: HandshakeAllThreads done
Event: 15459.939 Executing VM operation: Cleanup
Event: 15459.939 Executing VM operation: Cleanup done
Event: 15460.702 Executing VM operation: G1CollectForAllocation
Event: 15460.711 Executing VM operation: G1CollectForAllocation done
Event: 15460.727 Executing VM operation: G1CollectForAllocation
Event: 15460.743 Executing VM operation: G1CollectForAllocation done
Event: 15460.970 Executing VM operation: G1TryInitiateConcMark
Event: 15460.973 Executing VM operation: G1TryInitiateConcMark done
Event: 15461.064 Executing VM operation: HandshakeAllThreads
Event: 15461.064 Executing VM operation: HandshakeAllThreads done
Event: 15461.111 Executing VM operation: G1PauseRemark
Event: 15461.163 Executing VM operation: G1PauseRemark done
Event: 15461.163 Executing VM operation: HandshakeAllThreads
Event: 15461.164 Executing VM operation: HandshakeAllThreads done
Event: 15461.215 Executing VM operation: G1PauseCleanup
Event: 15461.215 Executing VM operation: G1PauseCleanup done

Memory protections (20 events):
Event: 15454.876 Protecting memory [0x0000000329b94000,0x0000000329ba0000] with protection modes 0
Event: 15454.876 Protecting memory [0x0000000329da0000,0x0000000329dac000] with protection modes 0
Event: 15454.876 Protecting memory [0x0000000329fac000,0x0000000329fb8000] with protection modes 0
Event: 15454.876 Protecting memory [0x000000032a1b8000,0x000000032a1c4000] with protection modes 0
Event: 15454.876 Protecting memory [0x000000032a3c4000,0x000000032a3d0000] with protection modes 0
Event: 15454.876 Protecting memory [0x000000032a5d0000,0x000000032a5dc000] with protection modes 0
Event: 15454.877 Protecting memory [0x000000032a7dc000,0x000000032a7e8000] with protection modes 0
Event: 15454.877 Protecting memory [0x000000032a9e8000,0x000000032a9f4000] with protection modes 0
Event: 15454.877 Protecting memory [0x000000032abf4000,0x000000032ac00000] with protection modes 0
Event: 15454.878 Protecting memory [0x000000032ae00000,0x000000032ae0c000] with protection modes 0
Event: 15456.655 Protecting memory [0x000000031fd0c000,0x000000031fd18000] with protection modes 3
Event: 15456.823 Protecting memory [0x0000000170d64000,0x0000000170d70000] with protection modes 0
Event: 15456.823 Protecting memory [0x000000031fd0c000,0x000000031fd18000] with protection modes 0
Event: 15457.029 Protecting memory [0x000000031fd0c000,0x000000031fd18000] with protection modes 3
Event: 15457.047 Protecting memory [0x000000031fd0c000,0x000000031fd18000] with protection modes 0
Event: 15457.047 Protecting memory [0x000000032b00c000,0x000000032b018000] with protection modes 0
Event: 15457.060 Protecting memory [0x000000032b218000,0x000000032b224000] with protection modes 0
Event: 15457.060 Protecting memory [0x000000032b424000,0x000000032b430000] with protection modes 0
Event: 15457.081 Protecting memory [0x000000032b630000,0x000000032b63c000] with protection modes 0
Event: 15460.716 Protecting memory [0x000000031fd0c000,0x000000031fd18000] with protection modes 3

Nmethod flushes (20 events):
Event: 15458.989 Thread 0x000000014a902c00 flushing  nmethod 0x00000001114db590
Event: 15458.989 Thread 0x000000014a902c00 flushing  nmethod 0x00000001114dc910
Event: 15458.989 Thread 0x000000014a902c00 flushing  nmethod 0x00000001114ea090
Event: 15458.989 Thread 0x000000014a902c00 flushing  nmethod 0x00000001114ea390
Event: 15458.989 Thread 0x000000014a902c00 flushing  nmethod 0x00000001114ebc10
Event: 15458.989 Thread 0x000000014a902c00 flushing  nmethod 0x00000001114ef010
Event: 15458.989 Thread 0x000000014a902c00 flushing  nmethod 0x00000001114f0a90
Event: 15458.989 Thread 0x000000014a902c00 flushing  nmethod 0x00000001114f0f10
Event: 15458.989 Thread 0x000000014a902c00 flushing  nmethod 0x00000001114f2e10
Event: 15458.989 Thread 0x000000014a902c00 flushing  nmethod 0x0000000111512910
Event: 15458.989 Thread 0x000000014a902c00 flushing  nmethod 0x0000000111515210
Event: 15458.989 Thread 0x000000014a902c00 flushing  nmethod 0x000000011151af90
Event: 15458.989 Thread 0x000000014a902c00 flushing  nmethod 0x000000011151c010
Event: 15458.989 Thread 0x000000014a902c00 flushing  nmethod 0x000000011151c890
Event: 15458.990 Thread 0x000000014a902c00 flushing  nmethod 0x000000011152ac10
Event: 15458.990 Thread 0x000000014a902c00 flushing  nmethod 0x000000011152bf10
Event: 15458.990 Thread 0x000000014a902c00 flushing  nmethod 0x000000011152dd10
Event: 15458.990 Thread 0x000000014a902c00 flushing  nmethod 0x0000000111531910
Event: 15458.990 Thread 0x000000014a902c00 flushing  nmethod 0x0000000111542b90
Event: 15458.990 Thread 0x000000014a902c00 flushing  nmethod 0x0000000111542f90

Events (20 events):
Event: 15454.876 Thread 0x000000012b139800 Thread added: 0x000000014c01a400
Event: 15454.876 Thread 0x000000012b139800 Thread added: 0x000000012b66b200
Event: 15454.876 Thread 0x000000012c86bc00 Thread added: 0x000000011fa93200
Event: 15454.876 Thread 0x000000011fa93200 Thread added: 0x000000014b663200
Event: 15454.876 Thread 0x000000014b663200 Thread added: 0x000000012ccc0800
Event: 15454.876 Thread 0x000000012ccc0800 Thread added: 0x000000012e8bd600
Event: 15454.876 Thread 0x000000012e8bd600 Thread added: 0x000000012e8bc800
Event: 15454.877 Thread 0x000000012e8bc800 Thread added: 0x000000014b754600
Event: 15454.877 Thread 0x000000014b754600 Thread added: 0x000000014b754c00
Event: 15454.878 Thread 0x000000014b754c00 Thread added: 0x000000012e8be400
Event: 15456.655 Thread 0x000000012b744a00 Thread exited: 0x000000012b744a00
Event: 15456.823 Thread 0x000000011f8b4c00 Thread added: 0x000000013fad9200
Event: 15456.823 Thread 0x000000011f8b4c00 Thread added: 0x000000014b19f800
Event: 15457.029 Thread 0x000000014b19f800 Thread exited: 0x000000014b19f800
Event: 15457.047 Thread 0x000000011f8b4c00 Thread added: 0x000000013fad9800
Event: 15457.047 Thread 0x000000011f8b4c00 Thread added: 0x000000013fada600
Event: 15457.060 Thread 0x000000011f8b4c00 Thread added: 0x000000012874d000
Event: 15457.060 Thread 0x000000011f8b4c00 Thread added: 0x000000012f92ae00
Event: 15457.081 Thread 0x000000012874d000 Thread added: 0x000000012d749200
Event: 15460.716 Thread 0x000000013fad9800 Thread exited: 0x000000013fad9800


Dynamic libraries:
0x000000010045c000 	/Users/athulbabu/Library/Java/JavaVirtualMachines/ms-17.0.15/Contents/Home/lib/libjli.dylib
0x00000001a916c000 	/System/Library/Frameworks/Cocoa.framework/Versions/A/Cocoa
0x000000018eae3000 	/System/Library/Frameworks/AppKit.framework/Versions/C/AppKit
0x00000001920e9000 	/System/Library/Frameworks/CoreData.framework/Versions/A/CoreData
0x000000018befd000 	/System/Library/Frameworks/Foundation.framework/Versions/C/Foundation
0x0000000199ee0000 	/usr/lib/libSystem.B.dylib
0x00000001901df000 	/System/Library/PrivateFrameworks/UIFoundation.framework/Versions/A/UIFoundation
0x000000023eeab000 	/System/Library/PrivateFrameworks/CollectionViewCore.framework/Versions/A/CollectionViewCore
0x0000000197350000 	/System/Library/PrivateFrameworks/XCTTargetBootstrap.framework/Versions/A/XCTTargetBootstrap
0x000000019c80e000 	/System/Library/PrivateFrameworks/InternationalSupport.framework/Versions/A/InternationalSupport
0x000000019cb68000 	/System/Library/PrivateFrameworks/UserActivity.framework/Versions/A/UserActivity
0x0000000192775000 	/System/Library/PrivateFrameworks/BaseBoard.framework/Versions/A/BaseBoard
0x000000024734d000 	/System/Library/PrivateFrameworks/FrontBoard.framework/Versions/A/FrontBoard
0x00000001a40e2000 	/System/Library/PrivateFrameworks/FrontBoardServices.framework/Versions/A/FrontBoardServices
0x0000000281604000 	/usr/lib/libRosetta.dylib
0x00000002752be000 	/System/Library/PrivateFrameworks/UIIntelligenceSupport.framework/Versions/A/UIIntelligenceSupport
0x00000002342d9000 	/System/Library/Frameworks/SwiftUICore.framework/Versions/A/SwiftUICore
0x000000027b531000 	/System/Library/PrivateFrameworks/WritingTools.framework/Versions/A/WritingTools
0x000000027a3e1000 	/System/Library/PrivateFrameworks/WindowManagement.framework/Versions/A/WindowManagement
0x000000018bb5d000 	/System/Library/Frameworks/SystemConfiguration.framework/Versions/A/SystemConfiguration
0x000000019bb60000 	/usr/lib/libspindump.dylib
0x0000000190399000 	/System/Library/Frameworks/UniformTypeIdentifiers.framework/Versions/A/UniformTypeIdentifiers
0x0000000199202000 	/usr/lib/libbsm.0.dylib
0x0000000194aa3000 	/usr/lib/libapp_launch_measurement.dylib
0x0000000193dcb000 	/System/Library/PrivateFrameworks/CoreAnalytics.framework/Versions/A/CoreAnalytics
0x0000000194aa7000 	/System/Library/PrivateFrameworks/CoreAutoLayout.framework/Versions/A/CoreAutoLayout
0x00000001968b0000 	/System/Library/Frameworks/Metal.framework/Versions/A/Metal
0x0000000197c92000 	/usr/lib/liblangid.dylib
0x0000000197356000 	/System/Library/PrivateFrameworks/CoreSVG.framework/Versions/A/CoreSVG
0x0000000190dec000 	/System/Library/PrivateFrameworks/SkyLight.framework/Versions/A/SkyLight
0x0000000247094000 	/System/Library/PrivateFrameworks/FocusEngine.framework/Versions/A/FocusEngine
0x0000000191379000 	/System/Library/Frameworks/CoreGraphics.framework/Versions/A/CoreGraphics
0x0000000244e27000 	/System/Library/PrivateFrameworks/DesignLibrary.framework/Versions/A/DesignLibrary
0x00000001a241a000 	/System/Library/Frameworks/Accelerate.framework/Versions/A/Accelerate
0x000000019b966000 	/System/Library/PrivateFrameworks/IconServices.framework/Versions/A/IconServices
0x0000000196889000 	/System/Library/Frameworks/IOSurface.framework/Versions/A/IOSurface
0x0000000193dfb000 	/usr/lib/libDiagnosticMessagesClient.dylib
0x0000000199e29000 	/usr/lib/libz.1.dylib
0x00000001a660a000 	/System/Library/Frameworks/ApplicationServices.framework/Versions/A/ApplicationServices
0x000000019733b000 	/System/Library/PrivateFrameworks/DFRFoundation.framework/Versions/A/DFRFoundation
0x000000018e333000 	/usr/lib/libicucore.A.dylib
0x000000019dd88000 	/System/Library/Frameworks/AudioToolbox.framework/Versions/A/AudioToolbox
0x000000019cb16000 	/System/Library/PrivateFrameworks/DataDetectorsCore.framework/Versions/A/DataDetectorsCore
0x0000000275d73000 	/System/Library/PrivateFrameworks/UpdateCycle.framework/Versions/A/UpdateCycle
0x00000001ba26d000 	/System/Library/PrivateFrameworks/TextInput.framework/Versions/A/TextInput
0x0000000190d30000 	/usr/lib/libMobileGestalt.dylib
0x0000000197038000 	/System/Library/Frameworks/Carbon.framework/Versions/A/Frameworks/HIToolbox.framework/Versions/A/HIToolbox
0x0000000194317000 	/System/Library/Frameworks/QuartzCore.framework/Versions/A/QuartzCore
0x000000018df0c000 	/System/Library/Frameworks/Security.framework/Versions/A/Security
0x00000001a1d9f000 	/System/Library/Frameworks/Carbon.framework/Versions/A/Frameworks/SpeechRecognition.framework/Versions/A/SpeechRecognition
0x0000000194773000 	/System/Library/PrivateFrameworks/CoreUI.framework/Versions/A/CoreUI
0x000000018d75f000 	/System/Library/Frameworks/CoreAudio.framework/Versions/A/CoreAudio
0x0000000193eef000 	/System/Library/Frameworks/DiskArbitration.framework/Versions/A/DiskArbitration
0x000000019c016000 	/System/Library/PrivateFrameworks/MultitouchSupport.framework/Versions/A/MultitouchSupport
0x0000000190d2e000 	/usr/lib/libenergytrace.dylib
0x00000001adbed000 	/System/Library/PrivateFrameworks/RenderBox.framework/Versions/A/RenderBox
0x000000018e98a000 	/System/Library/Frameworks/IOKit.framework/Versions/A/IOKit
0x00000001a21a5000 	/System/Library/Frameworks/CoreServices.framework/Versions/A/CoreServices
0x0000000194a34000 	/System/Library/PrivateFrameworks/PerformanceAnalysis.framework/Versions/A/PerformanceAnalysis
0x00000001ef207000 	/System/Library/Frameworks/OpenGL.framework/Versions/A/OpenGL
0x0000000194af1000 	/usr/lib/libxml2.2.dylib
0x00000001990de000 	/System/Library/PrivateFrameworks/MobileKeyBag.framework/Versions/A/MobileKeyBag
0x000000018a234000 	/usr/lib/libobjc.A.dylib
0x000000018a58d000 	/usr/lib/libc++.1.dylib
0x00000001a2123000 	/System/Library/Frameworks/Accessibility.framework/Versions/A/Accessibility
0x0000000191ad0000 	/System/Library/Frameworks/ColorSync.framework/Versions/A/ColorSync
0x000000018a6be000 	/System/Library/Frameworks/CoreFoundation.framework/Versions/A/CoreFoundation
0x00000001976d5000 	/System/Library/Frameworks/CoreImage.framework/Versions/A/CoreImage
0x000000018d533000 	/System/Library/Frameworks/CoreText.framework/Versions/A/CoreText
0x00000001f0ac5000 	/System/Library/Frameworks/CoreTransferable.framework/Versions/A/CoreTransferable
0x000000022ef5c000 	/System/Library/Frameworks/DataDetection.framework/Versions/A/DataDetection
0x000000022ef70000 	/System/Library/Frameworks/DeveloperToolsSupport.framework/Versions/A/DeveloperToolsSupport
0x0000000197394000 	/System/Library/Frameworks/ImageIO.framework/Versions/A/ImageIO
0x00000002351fd000 	/System/Library/Frameworks/Symbols.framework/Versions/A/Symbols
0x00000001bf385000 	/System/Library/PrivateFrameworks/AttributeGraph.framework/Versions/A/AttributeGraph
0x00000001a41c1000 	/System/Library/PrivateFrameworks/BoardServices.framework/Versions/A/BoardServices
0x00000001e2f29000 	/System/Library/PrivateFrameworks/FeatureFlags.framework/Versions/A/FeatureFlags
0x000000024ff52000 	/System/Library/PrivateFrameworks/Gestures.framework/Versions/A/Gestures
0x0000000199ee5000 	/System/Library/PrivateFrameworks/SoftLinking.framework/Versions/A/SoftLinking
0x00000001cd8cd000 	/usr/lib/swift/libswiftAccelerate.dylib
0x000000019d6f3000 	/usr/lib/swift/libswiftCore.dylib
0x00000001b65cc000 	/usr/lib/swift/libswiftCoreFoundation.dylib
0x00000001b6624000 	/usr/lib/swift/libswiftCoreImage.dylib
0x00000001a3e5f000 	/usr/lib/swift/libswiftDispatch.dylib
0x00000001b6625000 	/usr/lib/swift/libswiftIOKit.dylib
0x00000001c3f5b000 	/usr/lib/swift/libswiftMetal.dylib
0x00000001d2f53000 	/usr/lib/swift/libswiftOSLog.dylib
0x00000001a6c53000 	/usr/lib/swift/libswiftObjectiveC.dylib
0x00000002827b2000 	/usr/lib/swift/libswiftObservation.dylib
0x00000001c90e2000 	/usr/lib/swift/libswiftQuartzCore.dylib
0x00000002828f0000 	/usr/lib/swift/libswiftSynchronization.dylib
0x00000001cd8be000 	/usr/lib/swift/libswiftUniformTypeIdentifiers.dylib
0x00000001b65de000 	/usr/lib/swift/libswiftXPC.dylib
0x000000028292a000 	/usr/lib/swift/libswift_Builtin_float.dylib
0x000000028292d000 	/usr/lib/swift/libswift_Concurrency.dylib
0x00000001a6c57000 	/usr/lib/swift/libswiftos.dylib
0x00000001ba008000 	/usr/lib/swift/libswiftsimd.dylib
0x000000019a10b000 	/usr/lib/libcompression.dylib
0x000000019c76e000 	/System/Library/PrivateFrameworks/TextureIO.framework/Versions/A/TextureIO
0x0000000191c8b000 	/System/Library/Frameworks/ApplicationServices.framework/Versions/A/Frameworks/HIServices.framework/Versions/A/HIServices
0x000000019b5f0000 	/usr/lib/libate.dylib
0x0000000199eda000 	/usr/lib/system/libcache.dylib
0x0000000199e95000 	/usr/lib/system/libcommonCrypto.dylib
0x0000000199ec0000 	/usr/lib/system/libcompiler_rt.dylib
0x0000000199eb5000 	/usr/lib/system/libcopyfile.dylib
0x000000018a3ca000 	/usr/lib/system/libcorecrypto.dylib
0x000000018a4c1000 	/usr/lib/system/libdispatch.dylib
0x000000018a288000 	/usr/lib/system/libdyld.dylib
0x0000000199ed0000 	/usr/lib/system/libkeymgr.dylib
0x0000000199e78000 	/usr/lib/system/libmacho.dylib
0x00000001991da000 	/usr/lib/system/libquarantine.dylib
0x0000000199ecd000 	/usr/lib/system/libremovefile.dylib
0x0000000190db0000 	/usr/lib/system/libsystem_asl.dylib
0x000000018a358000 	/usr/lib/system/libsystem_blocks.dylib
0x000000018a50b000 	/usr/lib/system/libsystem_c.dylib
0x0000000199ec4000 	/usr/lib/system/libsystem_collections.dylib
0x0000000197c7f000 	/usr/lib/system/libsystem_configuration.dylib
0x0000000196852000 	/usr/lib/system/libsystem_containermanager.dylib
0x00000001998fd000 	/usr/lib/system/libsystem_coreservices.dylib
0x000000018e605000 	/usr/lib/system/libsystem_darwin.dylib
0x0000000282c7e000 	/usr/lib/system/libsystem_darwindirectory.dylib
0x0000000199ed1000 	/usr/lib/system/libsystem_dnssd.dylib
0x0000000282c82000 	/usr/lib/system/libsystem_eligibility.dylib
0x000000018a508000 	/usr/lib/system/libsystem_featureflags.dylib
0x000000018a68e000 	/usr/lib/system/libsystem_info.dylib
0x0000000199e39000 	/usr/lib/system/libsystem_m.dylib
0x000000018a477000 	/usr/lib/system/libsystem_malloc.dylib
0x0000000190d13000 	/usr/lib/system/libsystem_networkextension.dylib
0x000000018ea75000 	/usr/lib/system/libsystem_notify.dylib
0x0000000197c84000 	/usr/lib/system/libsystem_sandbox.dylib
0x0000000282c8a000 	/usr/lib/system/libsystem_sanitizers.dylib
0x0000000199ec9000 	/usr/lib/system/libsystem_secinit.dylib
0x000000018a63b000 	/usr/lib/system/libsystem_kernel.dylib
0x000000018a685000 	/usr/lib/system/libsystem_platform.dylib
0x000000018a678000 	/usr/lib/system/libsystem_pthread.dylib
0x0000000192958000 	/usr/lib/system/libsystem_symptoms.dylib
0x000000018a3a9000 	/usr/lib/system/libsystem_trace.dylib
0x0000000282c92000 	/usr/lib/system/libsystem_trial.dylib
0x0000000199ea3000 	/usr/lib/system/libunwind.dylib
0x000000018a35c000 	/usr/lib/system/libxpc.dylib
0x000000018a620000 	/usr/lib/libc++abi.dylib
0x0000000282534000 	/usr/lib/libswiftPrespecialized.dylib
0x0000000199ee2000 	/usr/lib/libfakelink.dylib
0x0000000190959000 	/System/Library/Frameworks/CFNetwork.framework/Versions/A/CFNetwork
0x0000000199f36000 	/usr/lib/libarchive.2.dylib
0x000000019febe000 	/System/Library/Frameworks/Combine.framework/Versions/A/Combine
0x000000023eed0000 	/System/Library/PrivateFrameworks/CollectionsInternal.framework/Versions/A/CollectionsInternal
0x0000000264b2b000 	/System/Library/PrivateFrameworks/ReflectionInternal.framework/Versions/A/ReflectionInternal
0x0000000265975000 	/System/Library/PrivateFrameworks/RuntimeInternal.framework/Versions/A/RuntimeInternal
0x00000001b35c8000 	/usr/lib/swift/libswiftDarwin.dylib
0x00000002828f8000 	/usr/lib/swift/libswiftSystem.dylib
0x00000002829b7000 	/usr/lib/swift/libswift_DarwinFoundation1.dylib
0x0000000282a98000 	/usr/lib/swift/libswift_StringProcessing.dylib
0x000000018e90a000 	/System/Library/PrivateFrameworks/CoreServicesInternal.framework/Versions/A/CoreServicesInternal
0x0000000199ead000 	/usr/lib/liboah.dylib
0x00000001a60b0000 	/System/Library/PrivateFrameworks/DiskImages.framework/Versions/A/DiskImages
0x00000001b3090000 	/System/Library/Frameworks/NetFS.framework/Versions/A/NetFS
0x0000000194a6b000 	/System/Library/Frameworks/CoreServices.framework/Versions/A/Frameworks/FSEvents.framework/Versions/A/FSEvents
0x000000018e610000 	/System/Library/Frameworks/CoreServices.framework/Versions/A/Frameworks/CarbonCore.framework/Versions/A/CarbonCore
0x0000000193e63000 	/System/Library/Frameworks/CoreServices.framework/Versions/A/Frameworks/Metadata.framework/Versions/A/Metadata
0x0000000199905000 	/System/Library/Frameworks/CoreServices.framework/Versions/A/Frameworks/OSServices.framework/Versions/A/OSServices
0x000000019a02e000 	/System/Library/Frameworks/CoreServices.framework/Versions/A/Frameworks/SearchKit.framework/Versions/A/SearchKit
0x00000001928d2000 	/System/Library/Frameworks/CoreServices.framework/Versions/A/Frameworks/AE.framework/Versions/A/AE
0x000000018ac0b000 	/System/Library/Frameworks/CoreServices.framework/Versions/A/Frameworks/LaunchServices.framework/Versions/A/LaunchServices
0x000000019b446000 	/System/Library/Frameworks/CoreServices.framework/Versions/A/Frameworks/DictionaryServices.framework/Versions/A/DictionaryServices
0x0000000194a79000 	/System/Library/Frameworks/CoreServices.framework/Versions/A/Frameworks/SharedFileList.framework/Versions/A/SharedFileList
0x000000019a0c3000 	/usr/lib/libapple_nghttp2.dylib
0x00000001924ec000 	/usr/lib/libsqlite3.dylib
0x00000001926d4000 	/System/Library/Frameworks/Accounts.framework/Versions/A/Accounts
0x00000001a62f7000 	/System/Library/PrivateFrameworks/AppSupport.framework/Versions/A/AppSupport
0x000000019e419000 	/System/Library/Frameworks/GSS.framework/Versions/A/GSS
0x0000000192866000 	/System/Library/PrivateFrameworks/RunningBoardServices.framework/Versions/A/RunningBoardServices
0x00000001a6be1000 	/System/Library/PrivateFrameworks/StreamingZip.framework/Versions/A/StreamingZip
0x0000000192961000 	/System/Library/Frameworks/Network.framework/Versions/A/Network
0x0000000199e7c000 	/usr/lib/system/libkxld.dylib
0x000000023a907000 	/System/Library/PrivateFrameworks/AppleKeyStore.framework/Versions/A/AppleKeyStore
0x0000000281308000 	/usr/lib/libCoreEntitlements.dylib
0x000000025aea9000 	/System/Library/PrivateFrameworks/MessageSecurity.framework/Versions/A/MessageSecurity
0x00000001924d0000 	/System/Library/PrivateFrameworks/ProtocolBuffer.framework/Versions/A/ProtocolBuffer
0x00000001ae8c6000 	/System/Library/PrivateFrameworks/CloudServices.framework/Versions/A/CloudServices
0x00000001a3299000 	/System/Library/PrivateFrameworks/SymptomDiagnosticReporter.framework/Versions/A/SymptomDiagnosticReporter
0x000000019b68a000 	/System/Library/PrivateFrameworks/CrashReporterSupport.framework/Versions/A/CrashReporterSupport
0x00000001998e4000 	/System/Library/PrivateFrameworks/AppleFSCompression.framework/Versions/A/AppleFSCompression
0x00000001991ea000 	/usr/lib/libcoretls.dylib
0x000000019b4bd000 	/usr/lib/libcoretls_cfhelpers.dylib
0x000000019a104000 	/usr/lib/libpam.2.dylib
0x000000019b52f000 	/usr/lib/libxar.1.dylib
0x000000019b4bf000 	/System/Library/PrivateFrameworks/APFS.framework/Versions/A/APFS
0x000000026fea2000 	/System/Library/PrivateFrameworks/SwiftASN1Internal.framework/Versions/A/SwiftASN1Internal
0x000000019b53e000 	/usr/lib/libutil.dylib
0x0000000197c8d000 	/System/Library/PrivateFrameworks/AppleSystemInfo.framework/Versions/A/AppleSystemInfo
0x0000000198ece000 	/System/Library/PrivateFrameworks/IOMobileFramebuffer.framework/Versions/A/IOMobileFramebuffer
0x00000001b6493000 	/System/Library/PrivateFrameworks/LoggingSupport.framework/Versions/A/LoggingSupport
0x000000019e47c000 	/System/Library/PrivateFrameworks/MobileAsset.framework/Versions/A/MobileAsset
0x00000001a32a9000 	/System/Library/PrivateFrameworks/PowerLog.framework/Versions/A/PowerLog
0x000000023417d000 	/System/Library/Frameworks/SwiftData.framework/Versions/A/SwiftData
0x0000000194c9a000 	/System/Library/PrivateFrameworks/UserManagement.framework/Versions/A/UserManagement
0x0000000190886000 	/usr/lib/libboringssl.dylib
0x0000000192946000 	/usr/lib/libdns_services.dylib
0x00000001b54d3000 	/usr/lib/libquic.dylib
0x000000019d684000 	/usr/lib/libusrtcp.dylib
0x000000023b656000 	/System/Library/PrivateFrameworks/AtomicsInternal.framework/Versions/A/AtomicsInternal
0x00000001db36b000 	/System/Library/PrivateFrameworks/InternalSwiftProtobuf.framework/Versions/A/InternalSwiftProtobuf
0x0000000282789000 	/usr/lib/swift/libswiftDistributed.dylib
0x0000000197c8b000 	/System/Library/PrivateFrameworks/AggregateDictionary.framework/Versions/A/AggregateDictionary
0x000000023bdca000 	/System/Library/PrivateFrameworks/BiomeLibrary.framework/Versions/A/BiomeLibrary
0x00000001c4ea6000 	/System/Library/PrivateFrameworks/BiomeStreams.framework/Versions/A/BiomeStreams
0x00000001c1245000 	/System/Library/PrivateFrameworks/BiomeFoundation.framework/Versions/A/BiomeFoundation
0x00000001cae68000 	/System/Library/PrivateFrameworks/BiomePubSub.framework/Versions/A/BiomePubSub
0x00000001a7bfd000 	/System/Library/PrivateFrameworks/ProactiveSupport.framework/Versions/A/ProactiveSupport
0x000000019b49e000 	/usr/lib/liblzma.5.dylib
0x00000001a660b000 	/System/Library/PrivateFrameworks/InternationalTextSearch.framework/Versions/A/InternationalTextSearch
0x00000001bd78d000 	/System/Library/PrivateFrameworks/SoftwareUpdateCoreSupport.framework/Versions/A/SoftwareUpdateCoreSupport
0x00000001c58e7000 	/System/Library/PrivateFrameworks/SoftwareUpdateCoreConnect.framework/Versions/A/SoftwareUpdateCoreConnect
0x00000001a61ae000 	/System/Library/PrivateFrameworks/RemoteServiceDiscovery.framework/Versions/A/RemoteServiceDiscovery
0x00000001bd38c000 	/System/Library/PrivateFrameworks/MSUDataAccessor.framework/Versions/A/MSUDataAccessor
0x00000001b85c5000 	/usr/lib/libbootpolicy.dylib
0x00000001a61c4000 	/System/Library/PrivateFrameworks/RemoteXPC.framework/Versions/A/RemoteXPC
0x00000001c4d73000 	/usr/lib/libFDR.dylib
0x00000001caa98000 	/usr/lib/libamsupport.dylib
0x00000002815fc000 	/usr/lib/libReverseProxyDevice.dylib
0x000000023a2a0000 	/System/Library/PrivateFrameworks/AppleDeviceQuerySupport.framework/Versions/A/AppleDeviceQuerySupport
0x00000001cdace000 	/usr/lib/libpartition2_dynamic.dylib
0x000000019a09f000 	/System/Library/PrivateFrameworks/AppleSauce.framework/Versions/A/AppleSauce
0x00000002811ab000 	/usr/lib/libAppleArchive.dylib
0x00000001998f0000 	/usr/lib/libbz2.1.0.dylib
0x0000000193ef9000 	/System/Library/Frameworks/Accelerate.framework/Versions/A/Frameworks/vImage.framework/Versions/A/vImage
0x00000001a217f000 	/System/Library/Frameworks/Accelerate.framework/Versions/A/Frameworks/vecLib.framework/Versions/A/vecLib
0x000000019b575000 	/System/Library/Frameworks/Accelerate.framework/Versions/A/Frameworks/vecLib.framework/Versions/A/libvMisc.dylib
0x000000018b0f8000 	/System/Library/Frameworks/Accelerate.framework/Versions/A/Frameworks/vecLib.framework/Versions/A/libBLAS.dylib
0x0000000194bd8000 	/System/Library/Frameworks/CoreVideo.framework/Versions/A/CoreVideo
0x000000019e024000 	/System/Library/Frameworks/ApplicationServices.framework/Versions/A/Frameworks/ATS.framework/Versions/A/ATS
0x000000019c6f7000 	/System/Library/Frameworks/ApplicationServices.framework/Versions/A/Frameworks/PrintCore.framework/Versions/A/PrintCore
0x000000019e3e2000 	/System/Library/Frameworks/ApplicationServices.framework/Versions/A/Frameworks/QD.framework/Versions/A/QD
0x000000019e3dd000 	/System/Library/Frameworks/ApplicationServices.framework/Versions/A/Frameworks/ColorSyncLegacy.framework/Versions/A/ColorSyncLegacy
0x000000019dff6000 	/System/Library/Frameworks/ApplicationServices.framework/Versions/A/Frameworks/SpeechSynthesis.framework/Versions/A/SpeechSynthesis
0x0000000196d73000 	/System/Library/PrivateFrameworks/FontServices.framework/libFontParser.dylib
0x00000001a5ed4000 	/System/Library/PrivateFrameworks/BackBoardServices.framework/Versions/A/BackBoardServices
0x000000023bce9000 	/System/Library/PrivateFrameworks/BackBoardHIDEventFoundation.framework/Versions/A/BackBoardHIDEventFoundation
0x000000018d046000 	/System/Library/Frameworks/CoreDisplay.framework/Versions/A/CoreDisplay
0x000000019c05c000 	/System/Library/Frameworks/VideoToolbox.framework/Versions/A/VideoToolbox
0x000000019a102000 	/System/Library/Frameworks/MetalPerformanceShaders.framework/Versions/A/MetalPerformanceShaders
0x0000000263dba000 	/System/Library/PrivateFrameworks/ProDisplayLibrary.framework/Versions/A/ProDisplayLibrary
0x00000001a9bac000 	/System/Library/PrivateFrameworks/IOSurfaceAccelerator.framework/Versions/A/IOSurfaceAccelerator
0x00000001968a6000 	/System/Library/PrivateFrameworks/IOAccelerator.framework/Versions/A/IOAccelerator
0x0000000196bb9000 	/System/Library/Frameworks/CoreMedia.framework/Versions/A/CoreMedia
0x0000000190dc8000 	/System/Library/PrivateFrameworks/TCC.framework/Versions/A/TCC
0x000000019c014000 	/System/Library/PrivateFrameworks/WatchdogClient.framework/Versions/A/WatchdogClient
0x00000001caec6000 	/System/Library/PrivateFrameworks/BiomeStorage.framework/Versions/A/BiomeStorage
0x0000000255c0c000 	/System/Library/PrivateFrameworks/IntelligencePlatformLibrary.framework/Versions/A/IntelligencePlatformLibrary
0x0000000263134000 	/System/Library/PrivateFrameworks/PoirotSchematizer.framework/Versions/A/PoirotSchematizer
0x000000023c5f5000 	/System/Library/PrivateFrameworks/BiomeSync.framework/Versions/A/BiomeSync
0x000000023bdb0000 	/System/Library/PrivateFrameworks/BiomeDSL.framework/Versions/A/BiomeDSL
0x000000026319e000 	/System/Library/PrivateFrameworks/PoirotUDFs.framework/Versions/A/PoirotUDFs
0x0000000263103000 	/System/Library/PrivateFrameworks/PoirotSQLite.framework/Versions/A/PoirotSQLite
0x00000001a46de000 	/System/Library/PrivateFrameworks/CoreTime.framework/Versions/A/CoreTime
0x0000000199f1b000 	/usr/lib/libiconv.2.dylib
0x0000000199e77000 	/usr/lib/libcharset.1.dylib
0x00000002829f8000 	/usr/lib/swift/libswift_RegexParser.dylib
0x000000023dbc3000 	/System/Library/PrivateFrameworks/CascadeSets.framework/Versions/A/CascadeSets
0x000000019e5e1000 	/System/Library/PrivateFrameworks/CorePhoneNumbers.framework/Versions/A/CorePhoneNumbers
0x000000019bede000 	/System/Library/PrivateFrameworks/AppleJPEG.framework/Versions/A/AppleJPEG
0x000000019b8e2000 	/usr/lib/libexpat.1.dylib
0x000000019c5cb000 	/System/Library/Frameworks/ImageIO.framework/Versions/A/Resources/libPng.dylib
0x000000019c5f7000 	/System/Library/Frameworks/ImageIO.framework/Versions/A/Resources/libTIFF.dylib
0x000000019c6e1000 	/System/Library/Frameworks/ImageIO.framework/Versions/A/Resources/libGIF.dylib
0x000000019bf23000 	/System/Library/Frameworks/ImageIO.framework/Versions/A/Resources/libJP2.dylib
0x000000019c687000 	/System/Library/Frameworks/ImageIO.framework/Versions/A/Resources/libJPEG.dylib
0x000000019c67e000 	/System/Library/Frameworks/ImageIO.framework/Versions/A/Resources/libRadiance.dylib
0x000000024c9fb000 	/System/Library/PrivateFrameworks/GPUCompiler.framework/Versions/32023/Libraries/libllvm-flatbuffers.dylib
0x0000000247340000 	/System/Library/PrivateFrameworks/FramePacing.framework/Versions/A/FramePacing
0x00000001ef1f9000 	/System/Library/Frameworks/OpenGL.framework/Versions/A/Libraries/libCoreFSCache.dylib
0x000000024842f000 	/System/Library/PrivateFrameworks/GPUCompiler.framework/Versions/32023/Libraries/libGPUCompilerUtils.dylib
0x00000001a428e000 	/System/Library/PrivateFrameworks/GraphicsServices.framework/Versions/A/GraphicsServices
0x00000001a7d83000 	/System/Library/PrivateFrameworks/ASEProcessing.framework/Versions/A/ASEProcessing
0x00000001d6d09000 	/System/Library/PrivateFrameworks/Symbolication.framework/Versions/A/Symbolication
0x0000000262d2d000 	/System/Library/PrivateFrameworks/PhotosensitivityProcessing.framework/Versions/A/PhotosensitivityProcessing
0x000000019bb02000 	/System/Library/PrivateFrameworks/GraphVisualizer.framework/Versions/A/GraphVisualizer
0x00000001ef258000 	/System/Library/Frameworks/OpenGL.framework/Versions/A/Libraries/libGLU.dylib
0x00000001ef21b000 	/System/Library/Frameworks/OpenGL.framework/Versions/A/Libraries/libGFXShared.dylib
0x00000001ef3e7000 	/System/Library/Frameworks/OpenGL.framework/Versions/A/Libraries/libGL.dylib
0x00000001ef224000 	/System/Library/Frameworks/OpenGL.framework/Versions/A/Libraries/libGLImage.dylib
0x00000001ef218000 	/System/Library/Frameworks/OpenGL.framework/Versions/A/Libraries/libCVMSPluginSupport.dylib
0x00000001ef201000 	/System/Library/Frameworks/OpenGL.framework/Versions/A/Libraries/libCoreVMClient.dylib
0x000000024724e000 	/System/Library/PrivateFrameworks/FontServices.framework/Versions/A/FontServices
0x000000019bb12000 	/System/Library/PrivateFrameworks/OTSVG.framework/Versions/A/OTSVG
0x0000000194720000 	/System/Library/Frameworks/ApplicationServices.framework/Versions/A/Frameworks/ATS.framework/Versions/A/Resources/libFontRegistry.dylib
0x0000000281af3000 	/usr/lib/libhvf.dylib
0x000000025fcc1000 	/System/Library/PrivateFrameworks/ParsingInternal.framework/Versions/A/ParsingInternal
0x00000002827d2000 	/usr/lib/swift/libswiftRegexBuilder.dylib
0x000000024724f000 	/System/Library/PrivateFrameworks/FontServices.framework/libXTFontStaticRegistryData.dylib
0x0000000197bcd000 	/System/Library/Frameworks/MetalPerformanceShaders.framework/Versions/A/Frameworks/MPSCore.framework/Versions/A/MPSCore
0x000000019984f000 	/System/Library/Frameworks/MetalPerformanceShaders.framework/Versions/A/Frameworks/MPSImage.framework/Versions/A/MPSImage
0x000000019928d000 	/System/Library/Frameworks/MetalPerformanceShaders.framework/Versions/A/Frameworks/MPSNeuralNetwork.framework/Versions/A/MPSNeuralNetwork
0x00000001996c5000 	/System/Library/Frameworks/MetalPerformanceShaders.framework/Versions/A/Frameworks/MPSMatrix.framework/Versions/A/MPSMatrix
0x00000001994da000 	/System/Library/Frameworks/MetalPerformanceShaders.framework/Versions/A/Frameworks/MPSRayIntersector.framework/Versions/A/MPSRayIntersector
0x00000001996f7000 	/System/Library/Frameworks/MetalPerformanceShaders.framework/Versions/A/Frameworks/MPSNDArray.framework/Versions/A/MPSNDArray
0x0000000231244000 	/System/Library/Frameworks/MetalPerformanceShaders.framework/Versions/A/Frameworks/MPSFunctions.framework/Versions/A/MPSFunctions
0x0000000231225000 	/System/Library/Frameworks/MetalPerformanceShaders.framework/Versions/A/Frameworks/MPSBenchmarkLoop.framework/Versions/A/MPSBenchmarkLoop
0x000000018af19000 	/System/Library/PrivateFrameworks/MetalTools.framework/Versions/A/MetalTools
0x00000001bb674000 	/System/Library/PrivateFrameworks/IOAccelMemoryInfo.framework/Versions/A/IOAccelMemoryInfo
0x00000001c94d6000 	/System/Library/PrivateFrameworks/kperf.framework/Versions/A/kperf
0x00000001b65a8000 	/System/Library/PrivateFrameworks/GPURawCounter.framework/Versions/A/GPURawCounter
0x00000001a45c7000 	/System/Library/PrivateFrameworks/CoreSymbolication.framework/Versions/A/CoreSymbolication
0x00000001b651f000 	/System/Library/PrivateFrameworks/MallocStackLogging.framework/Versions/A/MallocStackLogging
0x00000001a45a4000 	/System/Library/PrivateFrameworks/DebugSymbols.framework/Versions/A/DebugSymbols
0x00000001c7d68000 	/System/Library/PrivateFrameworks/OSAnalytics.framework/Versions/A/OSAnalytics
0x0000000245267000 	/System/Library/PrivateFrameworks/DeviceRecovery.framework/Versions/A/DeviceRecovery
0x000000022f0ad000 	/System/Library/Frameworks/ExtensionFoundation.framework/Versions/A/ExtensionFoundation
0x000000019bb53000 	/System/Library/PrivateFrameworks/AppServerSupport.framework/Versions/A/AppServerSupport
0x000000019b7e1000 	/System/Library/PrivateFrameworks/PlugInKit.framework/Versions/A/PlugInKit
0x00000001990fc000 	/System/Library/PrivateFrameworks/AssertionServices.framework/Versions/A/AssertionServices
0x000000019b907000 	/System/Library/PrivateFrameworks/IconFoundation.framework/Versions/A/IconFoundation
0x0000000252c89000 	/System/Library/PrivateFrameworks/IconRendering.framework/Versions/A/IconRendering
0x0000000265b20000 	/System/Library/PrivateFrameworks/SFSymbols.framework/Versions/A/SFSymbols
0x000000018d16a000 	/System/Library/PrivateFrameworks/AudioToolboxCore.framework/Versions/A/AudioToolboxCore
0x000000019df60000 	/System/Library/PrivateFrameworks/AudioSession.framework/Versions/A/AudioSession
0x00000001a8f80000 	/System/Library/Frameworks/CoreMIDI.framework/Versions/A/CoreMIDI
0x000000019dfdd000 	/usr/lib/libAudioStatistics.dylib
0x0000000196b90000 	/System/Library/PrivateFrameworks/caulk.framework/Versions/A/caulk
0x000000019c5a5000 	/usr/lib/libAudioToolboxUtility.dylib
0x00000001b65ac000 	/usr/lib/swift/libswiftCoreAudio.dylib
0x00000001bcbfd000 	/usr/lib/swift/libswiftCoreMIDI.dylib
0x000000019e3eb000 	/System/Library/PrivateFrameworks/perfdata.framework/Versions/A/perfdata
0x00000001b55cd000 	/System/Library/PrivateFrameworks/SystemPolicy.framework/Versions/A/SystemPolicy
0x000000019e290000 	/usr/lib/libSMC.dylib
0x000000019e3f9000 	/usr/lib/libperfcheck.dylib
0x000000023b711000 	/System/Library/PrivateFrameworks/AudioAnalytics.framework/Versions/A/AudioAnalytics
0x00000002829bb000 	/usr/lib/swift/libswift_DarwinFoundation2.dylib
0x00000002829bc000 	/usr/lib/swift/libswift_DarwinFoundation3.dylib
0x00000001db090000 	/System/Library/Frameworks/OSLog.framework/Versions/A/OSLog
0x00000001b6551000 	/usr/lib/libmis.dylib
0x000000019ba20000 	/System/Library/PrivateFrameworks/MediaExperience.framework/Versions/A/MediaExperience
0x000000019dd31000 	/System/Library/PrivateFrameworks/AudioSession.framework/libSessionUtility.dylib
0x000000019c6e7000 	/System/Library/PrivateFrameworks/CMCaptureCore.framework/Versions/A/CMCaptureCore
0x00000001a3188000 	/System/Library/Frameworks/CoreBluetooth.framework/Versions/A/CoreBluetooth
0x0000000198f63000 	/System/Library/PrivateFrameworks/CoreUtils.framework/Versions/A/CoreUtils
0x00000001ae904000 	/System/Library/PrivateFrameworks/HID.framework/Versions/A/HID
0x00000002446e6000 	/System/Library/PrivateFrameworks/CoreUtilsExtras.framework/Versions/A/CoreUtilsExtras
0x0000000252beb000 	/System/Library/PrivateFrameworks/IO80211.framework/Versions/A/IO80211
0x0000000199938000 	/System/Library/PrivateFrameworks/AuthKit.framework/Versions/A/AuthKit
0x000000019fc12000 	/System/Library/Frameworks/IOBluetooth.framework/Versions/A/IOBluetooth
0x000000019b681000 	/usr/lib/libIOReport.dylib
0x000000019910b000 	/System/Library/Frameworks/SecurityFoundation.framework/Versions/A/SecurityFoundation
0x000000018b8d8000 	/System/Library/PrivateFrameworks/Lexicon.framework/Versions/A/Lexicon
0x0000000199275000 	/usr/lib/libgermantok.dylib
0x0000000197db6000 	/System/Library/PrivateFrameworks/LinguisticData.framework/Versions/A/LinguisticData
0x000000019e09c000 	/System/Library/PrivateFrameworks/MultiverseSupport.framework/Versions/A/MultiverseSupport
0x00000001a33cd000 	/System/Library/PrivateFrameworks/DiskManagement.framework/Versions/A/DiskManagement
0x00000001a32d9000 	/System/Library/PrivateFrameworks/AppleIDAuthSupport.framework/Versions/A/AppleIDAuthSupport
0x00000002369b7000 	/System/Library/PrivateFrameworks/AAAFoundation.framework/Versions/A/AAAFoundation
0x000000019e59f000 	/System/Library/PrivateFrameworks/KeychainCircle.framework/Versions/A/KeychainCircle
0x00000001af79a000 	/System/Library/PrivateFrameworks/URLFormatting.framework/Versions/A/URLFormatting
0x00000001a6263000 	/usr/lib/libcsfde.dylib
0x000000019b82b000 	/usr/lib/libCoreStorage.dylib
0x00000001a339b000 	/System/Library/PrivateFrameworks/MediaKit.framework/Versions/A/MediaKit
0x00000001a32e6000 	/System/Library/Frameworks/DiscRecording.framework/Versions/A/DiscRecording
0x000000019fce9000 	/System/Library/PrivateFrameworks/ProtectedCloudStorage.framework/Versions/A/ProtectedCloudStorage
0x00000001a625e000 	/System/Library/PrivateFrameworks/EFILogin.framework/Versions/A/EFILogin
0x000000019b8fd000 	/usr/lib/libheimdal-asn1.dylib
0x00000001a36f0000 	/System/Library/PrivateFrameworks/OctagonTrust.framework/Versions/A/OctagonTrust
0x00000001a6bb7000 	/System/Library/Frameworks/AudioUnit.framework/Versions/A/AudioUnit
0x0000000194a3e000 	/System/Library/Frameworks/OpenDirectory.framework/Versions/A/OpenDirectory
0x0000000194a4c000 	/System/Library/Frameworks/OpenDirectory.framework/Versions/A/Frameworks/CFOpenDirectory.framework/Versions/A/CFOpenDirectory
0x00000001ef768000 	/System/Library/Frameworks/AVFAudio.framework/Versions/A/AVFAudio
0x00000001af8a2000 	/usr/lib/libAccessibility.dylib
0x000000025674e000 	/System/Library/PrivateFrameworks/IsolatedCoreAudioClient.framework/Versions/A/IsolatedCoreAudioClient
0x00000001d178a000 	/usr/lib/swift/libswiftCoreMedia.dylib
0x0000000273455000 	/System/Library/PrivateFrameworks/Tightbeam.framework/Versions/A/Tightbeam
0x000000024064b000 	/System/Library/PrivateFrameworks/CoreAudioOrchestration.framework/Versions/A/CoreAudioOrchestration
0x00000001ce013000 	/System/Library/PrivateFrameworks/AFKUser.framework/Versions/A/AFKUser
0x00000001a246a000 	/System/Library/Frameworks/MediaAccessibility.framework/Versions/A/MediaAccessibility
0x00000002773ee000 	/System/Library/PrivateFrameworks/VideoToolboxParavirtualizationSupport.framework/Versions/A/VideoToolboxParavirtualizationSupport
0x000000019b899000 	/System/Library/PrivateFrameworks/AppleVA.framework/Versions/A/AppleVA
0x000000019c679000 	/System/Library/PrivateFrameworks/GPUWrangler.framework/Versions/A/GPUWrangler
0x000000019c659000 	/System/Library/PrivateFrameworks/IOPresentment.framework/Versions/A/IOPresentment
0x000000019c681000 	/System/Library/PrivateFrameworks/DSExternalDisplay.framework/Versions/A/DSExternalDisplay
0x000000023b365000 	/System/Library/PrivateFrameworks/ArgumentParserInternal.framework/Versions/A/ArgumentParserInternal
0x000000023b1bd000 	/System/Library/PrivateFrameworks/AppleMobileFileIntegrity.framework/Versions/A/AppleMobileFileIntegrity
0x0000000281672000 	/usr/lib/libTLE.dylib
0x00000001ebfd9000 	/System/Library/PrivateFrameworks/ConfigProfileHelper.framework/Versions/A/ConfigProfileHelper
0x00000001e0edc000 	/usr/lib/libedit.3.dylib
0x0000000257b8d000 	/System/Library/PrivateFrameworks/MIL.framework/Versions/A/MIL
0x00000001bb637000 	/usr/lib/libncurses.5.4.dylib
0x0000000198e98000 	/System/Library/PrivateFrameworks/CoreEmoji.framework/Versions/A/CoreEmoji
0x000000018bbf1000 	/usr/lib/libCRFSuite.dylib
0x0000000197c94000 	/System/Library/PrivateFrameworks/CoreNLP.framework/Versions/A/CoreNLP
0x0000000199214000 	/usr/lib/libmecab.dylib
0x000000019a096000 	/usr/lib/libThaiTokenizer.dylib
0x00000001db52a000 	/System/Library/PrivateFrameworks/HIDDisplay.framework/Versions/A/HIDDisplay
0x000000019c6b3000 	/System/Library/Frameworks/ApplicationServices.framework/Versions/A/Frameworks/ATSUI.framework/Versions/A/ATSUI
0x000000019e371000 	/usr/lib/libcups.2.dylib
0x000000019e407000 	/System/Library/Frameworks/Kerberos.framework/Versions/A/Kerberos
0x000000019e06c000 	/usr/lib/libresolv.9.dylib
0x000000019bb67000 	/System/Library/PrivateFrameworks/Heimdal.framework/Versions/A/Heimdal
0x00000001a6bb6000 	/System/Library/Frameworks/Kerberos.framework/Versions/A/Libraries/libHeimdalProxy.dylib
0x000000019e46b000 	/System/Library/PrivateFrameworks/CommonAuth.framework/Versions/A/CommonAuth
0x00000001af7a4000 	/System/Library/PrivateFrameworks/AXCoreUtilities.framework/Versions/A/AXCoreUtilities
0x00000002810c5000 	/usr/lib/libAXSafeCategoryBundle.dylib
0x0000000198d7d000 	/System/Library/Frameworks/Accelerate.framework/Versions/A/Frameworks/vecLib.framework/Versions/A/libvDSP.dylib
0x000000019a1e2000 	/System/Library/Frameworks/Accelerate.framework/Versions/A/Frameworks/vecLib.framework/Versions/A/libLAPACK.dylib
0x0000000199278000 	/System/Library/Frameworks/Accelerate.framework/Versions/A/Frameworks/vecLib.framework/Versions/A/libLinearAlgebra.dylib
0x000000019a0db000 	/System/Library/Frameworks/Accelerate.framework/Versions/A/Frameworks/vecLib.framework/Versions/A/libSparseBLAS.dylib
0x000000019a1dd000 	/System/Library/Frameworks/Accelerate.framework/Versions/A/Frameworks/vecLib.framework/Versions/A/libQuadrature.dylib
0x0000000197dbd000 	/System/Library/Frameworks/Accelerate.framework/Versions/A/Frameworks/vecLib.framework/Versions/A/libBNNS.dylib
0x000000018b9ea000 	/System/Library/Frameworks/Accelerate.framework/Versions/A/Frameworks/vecLib.framework/Versions/A/libSparse.dylib
0x000000019e3d0000 	/System/Library/PrivateFrameworks/NetAuth.framework/Versions/A/NetAuth
0x0000000194c5c000 	/System/Library/PrivateFrameworks/login.framework/Versions/A/Frameworks/loginsupport.framework/Versions/A/loginsupport
0x00000001991de000 	/usr/lib/libCheckFix.dylib
0x0000000193dfd000 	/System/Library/PrivateFrameworks/MetadataUtilities.framework/Versions/A/MetadataUtilities
0x00000002535ec000 	/System/Library/PrivateFrameworks/InstalledContentLibrary.framework/Versions/A/InstalledContentLibrary
0x000000018e94a000 	/System/Library/PrivateFrameworks/CoreServicesStore.framework/Versions/A/CoreServicesStore
0x00000001c95dc000 	/System/Library/PrivateFrameworks/MobileSystemServices.framework/Versions/A/MobileSystemServices
0x000000019b542000 	/usr/lib/libxslt.1.dylib
0x000000019919e000 	/System/Library/PrivateFrameworks/BackgroundTaskManagement.framework/Versions/A/BackgroundTaskManagement
0x00000001a626f000 	/usr/lib/libcurl.4.dylib
0x00000002818a9000 	/usr/lib/libcrypto.46.dylib
0x00000002824c1000 	/usr/lib/libssl.48.dylib
0x00000001a5f46000 	/System/Library/Frameworks/LDAP.framework/Versions/A/LDAP
0x00000001a5f82000 	/System/Library/PrivateFrameworks/TrustEvaluationAgent.framework/Versions/A/TrustEvaluationAgent
0x000000019e089000 	/usr/lib/libsasl2.2.dylib
0x00000001b35c7000 	/usr/lib/swift/libswiftCoreGraphics.dylib
0x00000001a2b5b000 	/usr/lib/swift/libswiftFoundation.dylib
0x00000001eb9a8000 	/usr/lib/swift/libswiftSwiftOnoneSupport.dylib
0x0000000282b2c000 	/usr/lib/swift/libswiftsys_time.dylib
0x00000001d74a7000 	/System/Library/PrivateFrameworks/CoreMaterial.framework/Versions/A/CoreMaterial
0x0000000282873000 	/usr/lib/swift/libswiftSpatial.dylib
0x000000028166f000 	/usr/lib/libSpatial.dylib
0x0000000280fe3000 	/System/Library/SubFrameworks/UIUtilities.framework/Versions/A/UIUtilities
0x000000010158c000 	/Users/athulbabu/Library/Java/JavaVirtualMachines/ms-17.0.15/Contents/Home/lib/server/libjvm.dylib
0x00000001004d4000 	/Users/athulbabu/Library/Java/JavaVirtualMachines/ms-17.0.15/Contents/Home/lib/libjimage.dylib
0x000000010056c000 	/Users/athulbabu/Library/Java/JavaVirtualMachines/ms-17.0.15/Contents/Home/lib/libinstrument.dylib
0x00000001005c0000 	/Users/athulbabu/Library/Java/JavaVirtualMachines/ms-17.0.15/Contents/Home/lib/libjava.dylib
0x0000000101498000 	/Users/athulbabu/Library/Java/JavaVirtualMachines/ms-17.0.15/Contents/Home/lib/libzip.dylib
0x00000001014c4000 	/Users/athulbabu/Library/Java/JavaVirtualMachines/ms-17.0.15/Contents/Home/lib/libnio.dylib
0x00000001014e8000 	/Users/athulbabu/Library/Java/JavaVirtualMachines/ms-17.0.15/Contents/Home/lib/libnet.dylib
0x0000000101510000 	/Users/athulbabu/Library/Java/JavaVirtualMachines/ms-17.0.15/Contents/Home/lib/libverify.dylib
0x000000010059c000 	/Users/athulbabu/Library/Android/sdk/native/1def1411415f61bf3af743bc5b6707747c0891f09f0c88961ee8f79bc544acac/osx-aarch64/libnative-platform.dylib
0x000000011f384000 	/Users/athulbabu/Library/Android/sdk/native/0.2.7/aarch64-macos/libgradle-fileevents.dylib
0x0000000101548000 	/Users/athulbabu/Library/Java/JavaVirtualMachines/ms-17.0.15/Contents/Home/lib/libmanagement.dylib
0x0000000101560000 	/Users/athulbabu/Library/Java/JavaVirtualMachines/ms-17.0.15/Contents/Home/lib/libmanagement_ext.dylib
0x000000011f0bc000 	/Users/athulbabu/Library/Java/JavaVirtualMachines/ms-17.0.15/Contents/Home/lib/libextnet.dylib
0x000000011f0d4000 	/Users/athulbabu/Library/Java/JavaVirtualMachines/ms-17.0.15/Contents/Home/lib/librmi.dylib


VM Arguments:
jvm_args: --add-opens=java.base/java.lang=ALL-UNNAMED --add-opens=java.base/java.lang.invoke=ALL-UNNAMED --add-opens=java.base/java.util=ALL-UNNAMED --add-opens=java.prefs/java.util.prefs=ALL-UNNAMED --add-exports=jdk.compiler/com.sun.tools.javac.api=ALL-UNNAMED --add-exports=jdk.compiler/com.sun.tools.javac.util=ALL-UNNAMED --add-opens=java.base/java.util=ALL-UNNAMED --add-opens=java.prefs/java.util.prefs=ALL-UNNAMED --add-opens=java.base/java.nio.charset=ALL-UNNAMED --add-opens=java.base/java.net=ALL-UNNAMED --add-opens=java.base/java.util.concurrent.atomic=ALL-UNNAMED --add-opens=java.xml/javax.xml.namespace=ALL-UNNAMED -Xmx2048m -Dfile.encoding=UTF-8 -Duser.country=CA -Duser.language=en -Duser.variant -javaagent:/Users/athulbabu/Library/Android/sdk/wrapper/dists/gradle-8.13-bin/5xuhj0ry160q40clulazy9h7d/gradle-8.13/lib/agents/gradle-instrumentation-agent-8.13.jar 
java_command: org.gradle.launcher.daemon.bootstrap.GradleDaemon 8.13
java_class_path (initial): /Users/athulbabu/Library/Android/sdk/wrapper/dists/gradle-8.13-bin/5xuhj0ry160q40clulazy9h7d/gradle-8.13/lib/gradle-daemon-main-8.13.jar
Launcher Type: SUN_STANDARD

[Global flags]
     intx CICompilerCount                          = 4                                         {product} {ergonomic}
     uint ConcGCThreads                            = 2                                         {product} {ergonomic}
     uint G1ConcRefinementThreads                  = 9                                         {product} {ergonomic}
   size_t G1HeapRegionSize                         = 1048576                                   {product} {ergonomic}
    uintx GCDrainStackTargetSize                   = 64                                        {product} {ergonomic}
   size_t InitialHeapSize                          = 268435456                                 {product} {ergonomic}
   size_t MarkStackSize                            = 4194304                                   {product} {ergonomic}
   size_t MaxHeapSize                              = 2147483648                                {product} {command line}
   size_t MaxNewSize                               = 1287651328                                {product} {ergonomic}
   size_t MinHeapDeltaBytes                        = 1048576                                   {product} {ergonomic}
   size_t MinHeapSize                              = 8388608                                   {product} {ergonomic}
    uintx NonNMethodCodeHeapSize                   = 5839564                                {pd product} {ergonomic}
    uintx NonProfiledCodeHeapSize                  = 122909338                              {pd product} {ergonomic}
    uintx ProfiledCodeHeapSize                     = 122909338                              {pd product} {ergonomic}
    uintx ReservedCodeCacheSize                    = 251658240                              {pd product} {ergonomic}
     bool SegmentedCodeCache                       = true                                      {product} {ergonomic}
   size_t SoftMaxHeapSize                          = 2147483648                             {manageable} {ergonomic}
     bool UseCompressedClassPointers               = true                           {product lp64_product} {ergonomic}
     bool UseCompressedOops                        = true                           {product lp64_product} {ergonomic}
     bool UseG1GC                                  = true                                      {product} {ergonomic}
     bool UseNUMA                                  = false                                     {product} {ergonomic}
     bool UseNUMAInterleaving                      = false                                     {product} {ergonomic}

Logging:
Log output configuration:
 #0: stdout all=warning uptime,level,tags
 #1: stderr all=off uptime,level,tags

Environment Variables:
PATH=/usr/local/bin:/System/Cryptexes/App/usr/bin:/usr/bin:/bin:/usr/sbin:/sbin:/var/run/com.apple.security.cryptexd/codex.system/bootstrap/usr/local/bin:/var/run/com.apple.security.cryptexd/codex.system/bootstrap/usr/bin:/var/run/com.apple.security.cryptexd/codex.system/bootstrap/usr/appleinternal/bin:/Library/Apple/usr/bin
SHELL=/bin/zsh
LANG=C.UTF-8
TMPDIR=/var/folders/bj/0kt1hnh97t5ctjp7l13745p40000gn/T/

Active Locale:
LC_ALL=C
LC_COLLATE=C
LC_CTYPE=C
LC_MESSAGES=C
LC_MONETARY=C
LC_NUMERIC=C
LC_TIME=C

Signal Handlers:
   SIGSEGV: crash_handler in libjvm.dylib, mask=11100110000111110111111111111111, flags=SA_RESTART|SA_SIGINFO, unblocked
    SIGBUS: crash_handler in libjvm.dylib, mask=11100110000111110111111111111111, flags=SA_RESTART|SA_SIGINFO, unblocked
    SIGFPE: crash_handler in libjvm.dylib, mask=11100110000111110111111111111111, flags=SA_RESTART|SA_SIGINFO, unblocked
   SIGPIPE: javaSignalHandler in libjvm.dylib, mask=11100110000111110111111111111111, flags=SA_RESTART|SA_SIGINFO, blocked
   SIGXFSZ: javaSignalHandler in libjvm.dylib, mask=11100110000111110111111111111111, flags=SA_RESTART|SA_SIGINFO, blocked
    SIGILL: crash_handler in libjvm.dylib, mask=11100110000111110111111111111111, flags=SA_RESTART|SA_SIGINFO, unblocked
   SIGUSR2: SR_handler in libjvm.dylib, mask=00000000000000000000000000000000, flags=SA_RESTART|SA_SIGINFO, blocked
    SIGHUP: UserHandler in libjvm.dylib, mask=11100110000111110111111111111111, flags=SA_RESTART|SA_SIGINFO, blocked
    SIGINT: UserHandler in libjvm.dylib, mask=11100110000111110111111111111111, flags=SA_RESTART|SA_SIGINFO, blocked
   SIGTERM: UserHandler in libjvm.dylib, mask=11100110000111110111111111111111, flags=SA_RESTART|SA_SIGINFO, blocked
   SIGQUIT: UserHandler in libjvm.dylib, mask=11100110000111110111111111111111, flags=SA_RESTART|SA_SIGINFO, blocked
   SIGTRAP: crash_handler in libjvm.dylib, mask=11100110000111110111111111111111, flags=SA_RESTART|SA_SIGINFO, unblocked


Periodic native trim disabled


---------------  S Y S T E M  ---------------

OS:
uname: Darwin 25.0.0 Darwin Kernel Version 25.0.0: Thu Aug 14 22:04:07 PDT 2025; root:xnu-12377.1.8~5/RELEASE_ARM64_T8132 arm64
OS uptime: 0 days 4:28 hours
rlimit (soft/hard): STACK 8176k/65520k , CORE 0k/infinity , NPROC 2666/4000 , NOFILE 1048576/infinity , AS infinity/infinity , CPU infinity/infinity , DATA infinity/infinity , FSIZE infinity/infinity , MEMLOCK infinity/infinity , RSS infinity/infinity
load average: 6.69 2.79 2.04

CPU: total 10 (initial active 10) 0x61:0x0:0x6f5129ac:0, fp, simd, crc, lse
machdep.cpu.brand_string:Apple M4
hw.cachelinesize:128
hw.l1icachesize:131072
hw.l1dcachesize:65536
hw.l2cachesize:4194304

Memory: 16k page, physical 16777216k(228096k free), swap 4194304k(855552k free)

vm_info: OpenJDK 64-Bit Server VM (17.0.15+6-LTS) for bsd-aarch64 JRE (17.0.15+6-LTS), built on Apr  9 2025 22:12:40 by "MicrosoftCorporation" with clang Apple LLVM 12.0.5 (clang-1205.0.22.9)

END.
